DATE_time,WEP ($/MWh),datetime,SOC
2023-05-01 00:00:00,285.07,2023-07-21 10:13:15.407641,0
2023-05-01 00:30:00,225.1,2023-07-21 11:13:15.407641,0
2023-05-01 01:00:00,265.27,2023-07-21 12:13:15.407641,0
2023-05-01 01:30:00,225.12,2023-07-21 13:13:15.407641,0
2023-05-01 02:00:00,206.19,2023-07-21 14:13:15.407641,0
2023-05-01 02:30:00,204.15,2023-07-21 15:13:15.407641,0
2023-05-01 03:00:00,202.33,2023-07-21 16:13:15.407641,0
2023-05-01 03:30:00,152.9,2023-07-21 17:13:15.407641,25
2023-05-01 04:00:00,126.65,2023-07-21 18:13:15.407641,50
2023-05-01 04:30:00,127.3,2023-07-21 19:13:15.407641,75
2023-05-01 05:00:00,126.43,2023-07-21 20:13:15.407641,100
2023-05-01 05:30:00,126.45,2023-07-21 21:13:15.407641,100
2023-05-01 06:00:00,127.35,2023-07-21 22:13:15.407641,100
2023-05-01 06:30:00,127.67,2023-07-21 23:13:15.407641,100
2023-05-01 07:00:00,128.41,2023-07-22 00:13:15.407641,100
2023-05-01 07:30:00,129.02,2023-07-22 01:13:15.407641,100
2023-05-01 08:00:00,129.18,2023-07-22 02:13:15.407641,100
2023-05-01 08:30:00,129.8,2023-07-22 03:13:15.407641,100
2023-05-01 09:00:00,127.69,2023-07-22 04:13:15.407641,100
2023-05-01 09:30:00,119.45,2023-07-22 05:13:15.407641,100
2023-05-01 10:00:00,119.38,2023-07-22 06:13:15.407641,100
2023-05-01 10:30:00,119.35,2023-07-22 07:13:15.407641,100
2023-05-01 11:00:00,119.76,2023-07-22 08:13:15.407641,100
2023-05-01 11:30:00,117.98,2023-07-22 09:13:15.407641,100
2023-05-01 12:00:00,118.91,2023-07-22 10:13:15.407641,100
2023-05-01 12:30:00,119.35,2023-07-22 11:13:15.407641,100
2023-05-01 13:00:00,120.25,2023-07-22 12:13:15.407641,100
2023-05-01 13:30:00,123.52,2023-07-22 13:13:15.407641,100
2023-05-01 14:00:00,126.61,2023-07-22 14:13:15.407641,100
2023-05-01 14:30:00,176.36,2023-07-22 15:13:15.407641,100
2023-05-01 15:00:00,201.06,2023-07-22 16:13:15.407641,100
2023-05-01 15:30:00,201.46,2023-07-22 17:13:15.407641,100
2023-05-01 16:00:00,201.67,2023-07-22 18:13:15.407641,100
2023-05-01 16:30:00,202.34,2023-07-22 19:13:15.407641,100
2023-05-01 17:00:00,202.13,2023-07-22 20:13:15.407641,100
2023-05-01 17:30:00,230.89,2023-07-22 21:13:15.407641,100
2023-05-01 18:00:00,254.07,2023-07-22 22:13:15.407641,100
2023-05-01 18:30:00,282.67,2023-07-22 23:13:15.407641,100
2023-05-01 19:00:00,306.76,2023-07-23 00:13:15.407641,100
2023-05-01 19:30:00,308.66,2023-07-23 01:13:15.407641,80
2023-05-01 20:00:00,335.0,2023-07-23 02:13:15.407641,60
2023-05-01 20:30:00,339.01,2023-07-23 03:13:15.407641,40
2023-05-01 21:00:00,339.42,2023-07-23 04:13:15.407641,20
2023-05-01 21:30:00,331.37,2023-07-23 05:13:15.407641,0
2023-05-01 22:00:00,337.59,2023-07-23 06:13:15.407641,0
2023-05-01 22:30:00,272.87,2023-07-23 07:13:15.407641,0
2023-05-01 23:00:00,232.37,2023-07-23 08:13:15.407641,0
2023-05-01 23:30:00,201.27,2023-07-23 09:13:15.407641,0
2023-05-02 00:00:00,282.27,2023-07-23 10:13:15.407641,0
2023-05-02 00:30:00,232.0,2023-07-23 11:13:15.407641,0
2023-05-02 01:00:00,200.18,2023-07-23 12:13:15.407641,0
2023-05-02 01:30:00,172.07,2023-07-23 13:13:15.407641,0
2023-05-02 02:00:00,168.26,2023-07-23 14:13:15.407641,0
2023-05-02 02:30:00,149.25,2023-07-23 15:13:15.407641,0
2023-05-02 03:00:00,134.59,2023-07-23 16:13:15.407641,0
2023-05-02 03:30:00,130.3,2023-07-23 17:13:15.407641,0
2023-05-02 04:00:00,129.88,2023-07-23 18:13:15.407641,0
2023-05-02 04:30:00,130.4,2023-07-23 19:13:15.407641,0
2023-05-02 05:00:00,131.72,2023-07-23 20:13:15.407641,0
2023-05-02 05:30:00,155.1,2023-07-23 21:13:15.407641,0
2023-05-02 06:00:00,148.2,2023-07-23 22:13:15.407641,0
2023-05-02 06:30:00,202.07,2023-07-23 23:13:15.407641,0
2023-05-02 07:00:00,250.33,2023-07-24 00:13:15.407641,0
2023-05-02 07:30:00,280.0,2023-07-24 01:13:15.407641,0
2023-05-02 08:00:00,304.81,2023-07-24 02:13:15.407641,0
2023-05-02 08:30:00,330.0,2023-07-24 03:13:15.407641,0
2023-05-02 09:00:00,360.14,2023-07-24 04:13:15.407641,0
2023-05-02 09:30:00,369.41,2023-07-24 05:13:15.407641,0
2023-05-02 10:00:00,379.53,2023-07-24 06:13:15.407641,0
2023-05-02 10:30:00,409.12,2023-07-24 07:13:15.407641,0
2023-05-02 11:00:00,378.63,2023-07-24 08:13:15.407641,0
2023-05-02 11:30:00,358.0,2023-07-24 09:13:15.407641,0
2023-05-02 12:00:00,343.03,2023-07-24 10:13:15.407641,0
2023-05-02 12:30:00,388.92,2023-07-24 11:13:15.407641,0
2023-05-02 13:00:00,491.38,2023-07-24 12:13:15.407641,0
2023-05-02 13:30:00,548.56,2023-07-24 13:13:15.407641,0
2023-05-02 14:00:00,1974.66,2023-07-24 14:13:15.407641,0
2023-05-02 14:30:00,1519.1,2023-07-24 15:13:15.407641,0
2023-05-02 15:00:00,1515.1,2023-07-24 16:13:15.407641,0
2023-05-02 15:30:00,1509.34,2023-07-24 17:13:15.407641,0
2023-05-02 16:00:00,1981.53,2023-07-24 18:13:15.407641,0
2023-05-02 16:30:00,2449.8,2023-07-24 19:13:15.407641,0
2023-05-02 17:00:00,2345.74,2023-07-24 20:13:15.407641,0
2023-05-02 17:30:00,1957.6,2023-07-24 21:13:15.407641,0
2023-05-02 18:00:00,563.9,2023-07-24 22:13:15.407641,0
2023-05-02 18:30:00,1455.24,2023-07-24 23:13:15.407641,0
2023-05-02 19:00:00,1979.71,2023-07-25 00:13:15.407641,0
2023-05-02 19:30:00,1517.25,2023-07-25 01:13:15.407641,0
2023-05-02 20:00:00,1495.25,2023-07-25 02:13:15.407641,0
2023-05-02 20:30:00,895.8,2023-07-25 03:13:15.407641,0
2023-05-02 21:00:00,457.7,2023-07-25 04:13:15.407641,0
2023-05-02 21:30:00,371.43,2023-07-25 05:13:15.407641,0
2023-05-02 22:00:00,311.09,2023-07-25 06:13:15.407641,0
2023-05-02 22:30:00,297.66,2023-07-25 07:13:15.407641,0
2023-05-02 23:00:00,300.35,2023-07-25 08:13:15.407641,0
2023-05-02 23:30:00,248.34,2023-07-25 09:13:15.407641,0
2023-05-03 00:00:00,380.3,2023-07-25 10:13:15.407641,0
2023-05-03 00:30:00,302.67,2023-07-25 11:13:15.407641,0
2023-05-03 01:00:00,269.48,2023-07-25 12:13:15.407641,0
2023-05-03 01:30:00,250.62,2023-07-25 13:13:15.407641,0
2023-05-03 02:00:00,230.05,2023-07-25 14:13:15.407641,0
2023-05-03 02:30:00,207.03,2023-07-25 15:13:15.407641,0
2023-05-03 03:00:00,201.63,2023-07-25 16:13:15.407641,0
2023-05-03 03:30:00,196.15,2023-07-25 17:13:15.407641,0
2023-05-03 04:00:00,195.6,2023-07-25 18:13:15.407641,0
2023-05-03 04:30:00,200.92,2023-07-25 19:13:15.407641,0
2023-05-03 05:00:00,200.5,2023-07-25 20:13:15.407641,0
2023-05-03 05:30:00,250.3,2023-07-25 21:13:15.407641,0
2023-05-03 06:00:00,200.84,2023-07-25 22:13:15.407641,0
2023-05-03 06:30:00,279.84,2023-07-25 23:13:15.407641,0
2023-05-03 07:00:00,309.54,2023-07-26 00:13:15.407641,0
2023-05-03 07:30:00,370.88,2023-07-26 01:13:15.407641,0
2023-05-03 08:00:00,359.89,2023-07-26 02:13:15.407641,0
2023-05-03 08:30:00,377.05,2023-07-26 03:13:15.407641,0
2023-05-03 09:00:00,408.07,2023-07-26 04:13:15.407641,0
2023-05-03 09:30:00,418.95,2023-07-26 05:13:15.407641,0
2023-05-03 10:00:00,428.93,2023-07-26 06:13:15.407641,0
2023-05-03 10:30:00,427.38,2023-07-26 07:13:15.407641,0
2023-05-03 11:00:00,426.01,2023-07-26 08:13:15.407641,0
2023-05-03 11:30:00,406.23,2023-07-26 09:13:15.407641,0
2023-05-03 12:00:00,406.55,2023-07-26 10:13:15.407641,0
2023-05-03 12:30:00,427.44,2023-07-26 11:13:15.407641,0
2023-05-03 13:00:00,509.11,2023-07-26 12:13:15.407641,0
2023-05-03 13:30:00,1956.53,2023-07-26 13:13:15.407641,0
2023-05-03 14:00:00,1981.19,2023-07-26 14:13:15.407641,0
2023-05-03 14:30:00,1984.05,2023-07-26 15:13:15.407641,0
2023-05-03 15:00:00,2505.53,2023-07-26 16:13:15.407641,0
2023-05-03 15:30:00,2485.58,2023-07-26 17:13:15.407641,0
2023-05-03 16:00:00,2004.62,2023-07-26 18:13:15.407641,0
2023-05-03 16:30:00,1975.17,2023-07-26 19:13:15.407641,0
2023-05-03 17:00:00,1993.35,2023-07-26 20:13:15.407641,0
2023-05-03 17:30:00,1325.37,2023-07-26 21:13:15.407641,0
2023-05-03 18:00:00,478.61,2023-07-26 22:13:15.407641,0
2023-05-03 18:30:00,389.18,2023-07-26 23:13:15.407641,0
2023-05-03 19:00:00,413.43,2023-07-27 00:13:15.407641,0
2023-05-03 19:30:00,411.74,2023-07-27 01:13:15.407641,0
2023-05-03 20:00:00,381.59,2023-07-27 02:13:15.407641,0
2023-05-03 20:30:00,374.73,2023-07-27 03:13:15.407641,0
2023-05-03 21:00:00,330.38,2023-07-27 04:13:15.407641,0
2023-05-03 21:30:00,300.87,2023-07-27 05:13:15.407641,0
2023-05-03 22:00:00,281.3,2023-07-27 06:13:15.407641,0
2023-05-03 22:30:00,250.19,2023-07-27 07:13:15.407641,0
2023-05-03 23:00:00,249.64,2023-07-27 08:13:15.407641,0
2023-05-03 23:30:00,195.55,2023-07-27 09:13:15.407641,0
2023-05-04 00:00:00,219.37,2023-07-27 10:13:15.407641,0
2023-05-04 00:30:00,199.4,2023-07-27 11:13:15.407641,0
2023-05-04 01:00:00,179.28,2023-07-27 12:13:15.407641,0
2023-05-04 01:30:00,160.74,2023-07-27 13:13:15.407641,0
2023-05-04 02:00:00,160.6,2023-07-27 14:13:15.407641,0
2023-05-04 02:30:00,154.32,2023-07-27 15:13:15.407641,0
2023-05-04 03:00:00,149.12,2023-07-27 16:13:15.407641,0
2023-05-04 03:30:00,148.95,2023-07-27 17:13:15.407641,0
2023-05-04 04:00:00,148.91,2023-07-27 18:13:15.407641,0
2023-05-04 04:30:00,154.38,2023-07-27 19:13:15.407641,0
2023-05-04 05:00:00,154.14,2023-07-27 20:13:15.407641,0
2023-05-04 05:30:00,198.59,2023-07-27 21:13:15.407641,0
2023-05-04 06:00:00,182.08,2023-07-27 22:13:15.407641,0
2023-05-04 06:30:00,202.02,2023-07-27 23:13:15.407641,0
2023-05-04 07:00:00,253.24,2023-07-28 00:13:15.407641,0
2023-05-04 07:30:00,300.04,2023-07-28 01:13:15.407641,0
2023-05-04 08:00:00,301.45,2023-07-28 02:13:15.407641,0
2023-05-04 08:30:00,312.34,2023-07-28 03:13:15.407641,0
2023-05-04 09:00:00,309.95,2023-07-28 04:13:15.407641,0
2023-05-04 09:30:00,311.3,2023-07-28 05:13:15.407641,0
2023-05-04 10:00:00,331.48,2023-07-28 06:13:15.407641,0
2023-05-04 10:30:00,359.56,2023-07-28 07:13:15.407641,0
2023-05-04 11:00:00,370.78,2023-07-28 08:13:15.407641,0
2023-05-04 11:30:00,330.32,2023-07-28 09:13:15.407641,0
2023-05-04 12:00:00,311.52,2023-07-28 10:13:15.407641,0
2023-05-04 12:30:00,328.19,2023-07-28 11:13:15.407641,0
2023-05-04 13:00:00,378.93,2023-07-28 12:13:15.407641,0
2023-05-04 13:30:00,421.57,2023-07-28 13:13:15.407641,0
2023-05-04 14:00:00,413.57,2023-07-28 14:13:15.407641,0
2023-05-04 14:30:00,408.85,2023-07-28 15:13:15.407641,0
2023-05-04 15:00:00,452.82,2023-07-28 16:13:15.407641,0
2023-05-04 15:30:00,565.82,2023-07-28 17:13:15.407641,0
2023-05-04 16:00:00,733.4,2023-07-28 18:13:15.407641,0
2023-05-04 16:30:00,733.2,2023-07-28 19:13:15.407641,0
2023-05-04 17:00:00,711.85,2023-07-28 20:13:15.407641,0
2023-05-04 17:30:00,454.61,2023-07-28 21:13:15.407641,0
2023-05-04 18:00:00,425.94,2023-07-28 22:13:15.407641,0
2023-05-04 18:30:00,414.53,2023-07-28 23:13:15.407641,0
2023-05-04 19:00:00,415.78,2023-07-29 00:13:15.407641,0
2023-05-04 19:30:00,374.51,2023-07-29 01:13:15.407641,0
2023-05-04 20:00:00,333.58,2023-07-29 02:13:15.407641,0
2023-05-04 20:30:00,321.67,2023-07-29 03:13:15.407641,0
2023-05-04 21:00:00,309.36,2023-07-29 04:13:15.407641,0
2023-05-04 21:30:00,299.72,2023-07-29 05:13:15.407641,0
2023-05-04 22:00:00,297.48,2023-07-29 06:13:15.407641,0
2023-05-04 22:30:00,253.21,2023-07-29 07:13:15.407641,0
2023-05-04 23:00:00,301.5,2023-07-29 08:13:15.407641,0
2023-05-04 23:30:00,252.39,2023-07-29 09:13:15.407641,0
2023-05-05 00:00:00,230.37,2023-07-29 10:13:15.407641,0
2023-05-05 00:30:00,152.12,2023-07-29 11:13:15.407641,0
2023-05-05 01:00:00,194.25,2023-07-29 12:13:15.407641,0
2023-05-05 01:30:00,145.41,2023-07-29 13:13:15.407641,0
2023-05-05 02:00:00,145.31,2023-07-29 14:13:15.407641,0
2023-05-05 02:30:00,125.05,2023-07-29 15:13:15.407641,0
2023-05-05 03:00:00,120.0,2023-07-29 16:13:15.407641,0
2023-05-05 03:30:00,120.15,2023-07-29 17:13:15.407641,0
2023-05-05 04:00:00,120.59,2023-07-29 18:13:15.407641,0
2023-05-05 04:30:00,121.63,2023-07-29 19:13:15.407641,0
2023-05-05 05:00:00,130.54,2023-07-29 20:13:15.407641,0
2023-05-05 05:30:00,194.38,2023-07-29 21:13:15.407641,0
2023-05-05 06:00:00,192.74,2023-07-29 22:13:15.407641,0
2023-05-05 06:30:00,201.77,2023-07-29 23:13:15.407641,0
2023-05-05 07:00:00,250.12,2023-07-30 00:13:15.407641,0
2023-05-05 07:30:00,261.97,2023-07-30 01:13:15.407641,0
2023-05-05 08:00:00,300.38,2023-07-30 02:13:15.407641,0
2023-05-05 08:30:00,309.61,2023-07-30 03:13:15.407641,0
2023-05-05 09:00:00,304.24,2023-07-30 04:13:15.407641,0
2023-05-05 09:30:00,319.37,2023-07-30 05:13:15.407641,0
2023-05-05 10:00:00,357.46,2023-07-30 06:13:15.407641,0
2023-05-05 10:30:00,356.93,2023-07-30 07:13:15.407641,0
2023-05-05 11:00:00,378.64,2023-07-30 08:13:15.407641,0
2023-05-05 11:30:00,406.96,2023-07-30 09:13:15.407641,0
2023-05-05 12:00:00,410.03,2023-07-30 10:13:15.407641,0
2023-05-05 12:30:00,432.58,2023-07-30 11:13:15.407641,0
2023-05-05 13:00:00,459.49,2023-07-30 12:13:15.407641,0
2023-05-05 13:30:00,493.7,2023-07-30 13:13:15.407641,0
2023-05-05 14:00:00,463.39,2023-07-30 14:13:15.407641,0
2023-05-05 14:30:00,430.6,2023-07-30 15:13:15.407641,0
2023-05-05 15:00:00,427.35,2023-07-30 16:13:15.407641,0
2023-05-05 15:30:00,452.27,2023-07-30 17:13:15.407641,0
2023-05-05 16:00:00,485.25,2023-07-30 18:13:15.407641,0
2023-05-05 16:30:00,489.07,2023-07-30 19:13:15.407641,0
2023-05-05 17:00:00,502.78,2023-07-30 20:13:15.407641,0
2023-05-05 17:30:00,489.08,2023-07-30 21:13:15.407641,0
2023-05-05 18:00:00,411.84,2023-07-30 22:13:15.407641,0
2023-05-05 18:30:00,410.02,2023-07-30 23:13:15.407641,0
2023-05-05 19:00:00,413.23,2023-07-31 00:13:15.407641,0
2023-05-05 19:30:00,411.83,2023-07-31 01:13:15.407641,0
2023-05-05 20:00:00,411.01,2023-07-31 02:13:15.407641,0
2023-05-05 20:30:00,381.46,2023-07-31 03:13:15.407641,0
2023-05-05 21:00:00,360.92,2023-07-31 04:13:15.407641,0
2023-05-05 21:30:00,300.42,2023-07-31 05:13:15.407641,0
2023-05-05 22:00:00,302.2,2023-07-31 06:13:15.407641,0
2023-05-05 22:30:00,260.55,2023-07-31 07:13:15.407641,0
2023-05-05 23:00:00,280.96,2023-07-31 08:13:15.407641,0
2023-05-05 23:30:00,202.92,2023-07-31 09:13:15.407641,0
2023-05-06 00:00:00,291.4,2023-07-31 10:13:15.407641,0
2023-05-06 00:30:00,261.33,2023-07-31 11:13:15.407641,0
2023-05-06 01:00:00,251.26,2023-07-31 12:13:15.407641,0
2023-05-06 01:30:00,200.93,2023-07-31 13:13:15.407641,0
2023-05-06 02:00:00,195.7,2023-07-31 14:13:15.407641,0
2023-05-06 02:30:00,146.29,2023-07-31 15:13:15.407641,0
2023-05-06 03:00:00,133.18,2023-07-31 16:13:15.407641,0
2023-05-06 03:30:00,119.26,2023-07-31 17:13:15.407641,0
2023-05-06 04:00:00,128.87,2023-07-31 18:13:15.407641,0
2023-05-06 04:30:00,122.06,2023-07-31 19:13:15.407641,0
2023-05-06 05:00:00,129.9,2023-07-31 20:13:15.407641,0
2023-05-06 05:30:00,130.43,2023-07-31 21:13:15.407641,0
2023-05-06 06:00:00,132.16,2023-07-31 22:13:15.407641,0
2023-05-06 06:30:00,132.73,2023-07-31 23:13:15.407641,0
2023-05-06 07:00:00,133.43,2023-08-01 00:13:15.407641,0
2023-05-06 07:30:00,194.6,2023-08-01 01:13:15.407641,0
2023-05-06 08:00:00,198.27,2023-08-01 02:13:15.407641,0
2023-05-06 08:30:00,202.5,2023-08-01 03:13:15.407641,0
2023-05-06 09:00:00,230.09,2023-08-01 04:13:15.407641,0
2023-05-06 09:30:00,247.66,2023-08-01 05:13:15.407641,0
2023-05-06 10:00:00,259.1,2023-08-01 06:13:15.407641,0
2023-05-06 10:30:00,257.3,2023-08-01 07:13:15.407641,0
2023-05-06 11:00:00,248.19,2023-08-01 08:13:15.407641,0
2023-05-06 11:30:00,246.1,2023-08-01 09:13:15.407641,0
2023-05-06 12:00:00,228.95,2023-08-01 10:13:15.407641,0
2023-05-06 12:30:00,201.41,2023-08-01 11:13:15.407641,0
2023-05-06 13:00:00,201.37,2023-08-01 12:13:15.407641,0
2023-05-06 13:30:00,219.61,2023-08-01 13:13:15.407641,0
2023-05-06 14:00:00,246.99,2023-08-01 14:13:15.407641,0
2023-05-06 14:30:00,249.04,2023-08-01 15:13:15.407641,0
2023-05-06 15:00:00,261.2,2023-08-01 16:13:15.407641,0
2023-05-06 15:30:00,292.07,2023-08-01 17:13:15.407641,0
2023-05-06 16:00:00,281.41,2023-08-01 18:13:15.407641,0
2023-05-06 16:30:00,281.4,2023-08-01 19:13:15.407641,0
2023-05-06 17:00:00,257.9,2023-08-01 20:13:15.407641,0
2023-05-06 17:30:00,258.32,2023-08-01 21:13:15.407641,0
2023-05-06 18:00:00,259.43,2023-08-01 22:13:15.407641,0
2023-05-06 18:30:00,280.06,2023-08-01 23:13:15.407641,0
2023-05-06 19:00:00,290.44,2023-08-02 00:13:15.407641,0
2023-05-06 19:30:00,310.86,2023-08-02 01:13:15.407641,0
2023-05-06 20:00:00,324.71,2023-08-02 02:13:15.407641,0
2023-05-06 20:30:00,323.77,2023-08-02 03:13:15.407641,0
2023-05-06 21:00:00,311.44,2023-08-02 04:13:15.407641,0
2023-05-06 21:30:00,298.38,2023-08-02 05:13:15.407641,0
2023-05-06 22:00:00,297.48,2023-08-02 06:13:15.407641,0
2023-05-06 22:30:00,260.02,2023-08-02 07:13:15.407641,0
2023-05-06 23:00:00,247.26,2023-08-02 08:13:15.407641,0
2023-05-06 23:30:00,201.43,2023-08-02 09:13:15.407641,0
2023-05-07 00:00:00,331.43,2023-08-02 10:13:15.407641,0
2023-05-07 00:30:00,241.74,2023-08-02 11:13:15.407641,0
2023-05-07 01:00:00,221.25,2023-08-02 12:13:15.407641,0
2023-05-07 01:30:00,203.38,2023-08-02 13:13:15.407641,0
2023-05-07 02:00:00,204.9,2023-08-02 14:13:15.407641,0
2023-05-07 02:30:00,202.23,2023-08-02 15:13:15.407641,0
2023-05-07 03:00:00,168.83,2023-08-02 16:13:15.407641,0
2023-05-07 03:30:00,136.04,2023-08-02 17:13:15.407641,0
2023-05-07 04:00:00,120.35,2023-08-02 18:13:15.407641,0
2023-05-07 04:30:00,118.06,2023-08-02 19:13:15.407641,0
2023-05-07 05:00:00,117.75,2023-08-02 20:13:15.407641,0
2023-05-07 05:30:00,117.42,2023-08-02 21:13:15.407641,0
2023-05-07 06:00:00,117.53,2023-08-02 22:13:15.407641,0
2023-05-07 06:30:00,124.65,2023-08-02 23:13:15.407641,0
2023-05-07 07:00:00,120.91,2023-08-03 00:13:15.407641,0
2023-05-07 07:30:00,142.26,2023-08-03 01:13:15.407641,0
2023-05-07 08:00:00,146.15,2023-08-03 02:13:15.407641,0
2023-05-07 08:30:00,147.57,2023-08-03 03:13:15.407641,0
2023-05-07 09:00:00,146.99,2023-08-03 04:13:15.407641,0
2023-05-07 09:30:00,166.46,2023-08-03 05:13:15.407641,0
2023-05-07 10:00:00,166.44,2023-08-03 06:13:15.407641,0
2023-05-07 10:30:00,200.21,2023-08-03 07:13:15.407641,0
2023-05-07 11:00:00,200.95,2023-08-03 08:13:15.407641,0
2023-05-07 11:30:00,168.28,2023-08-03 09:13:15.407641,0
2023-05-07 12:00:00,167.64,2023-08-03 10:13:15.407641,0
2023-05-07 12:30:00,147.35,2023-08-03 11:13:15.407641,0
2023-05-07 13:00:00,167.25,2023-08-03 12:13:15.407641,0
2023-05-07 13:30:00,167.39,2023-08-03 13:13:15.407641,0
2023-05-07 14:00:00,167.14,2023-08-03 14:13:15.407641,0
2023-05-07 14:30:00,166.84,2023-08-03 15:13:15.407641,0
2023-05-07 15:00:00,166.52,2023-08-03 16:13:15.407641,0
2023-05-07 15:30:00,166.62,2023-08-03 17:13:15.407641,0
2023-05-07 16:00:00,166.75,2023-08-03 18:13:15.407641,0
2023-05-07 16:30:00,199.66,2023-08-03 19:13:15.407641,0
2023-05-07 17:00:00,200.14,2023-08-03 20:13:15.407641,0
2023-05-07 17:30:00,200.11,2023-08-03 21:13:15.407641,0
2023-05-07 18:00:00,203.83,2023-08-03 22:13:15.407641,0
2023-05-07 18:30:00,245.3,2023-08-03 23:13:15.407641,0
2023-05-07 19:00:00,254.03,2023-08-04 00:13:15.407641,0
2023-05-07 19:30:00,273.1,2023-08-04 01:13:15.407641,0
2023-05-07 20:00:00,299.31,2023-08-04 02:13:15.407641,0
2023-05-07 20:30:00,329.87,2023-08-04 03:13:15.407641,0
2023-05-07 21:00:00,329.07,2023-08-04 04:13:15.407641,0
2023-05-07 21:30:00,298.76,2023-08-04 05:13:15.407641,0
2023-05-07 22:00:00,290.17,2023-08-04 06:13:15.407641,0
2023-05-07 22:30:00,280.38,2023-08-04 07:13:15.407641,0
2023-05-07 23:00:00,262.08,2023-08-04 08:13:15.407641,0
2023-05-07 23:30:00,247.58,2023-08-04 09:13:15.407641,0
2023-05-08 00:00:00,391.73,2023-08-04 10:13:15.407641,0
2023-05-08 00:30:00,333.54,2023-08-04 11:13:15.407641,0
2023-05-08 01:00:00,261.27,2023-08-04 12:13:15.407641,0
2023-05-08 01:30:00,245.5,2023-08-04 13:13:15.407641,0
2023-05-08 02:00:00,207.33,2023-08-04 14:13:15.407641,0
2023-05-08 02:30:00,200.85,2023-08-04 15:13:15.407641,0
2023-05-08 03:00:00,200.87,2023-08-04 16:13:15.407641,0
2023-05-08 03:30:00,193.81,2023-08-04 17:13:15.407641,0
2023-05-08 04:00:00,200.26,2023-08-04 18:13:15.407641,0
2023-05-08 04:30:00,199.81,2023-08-04 19:13:15.407641,0
2023-05-08 05:00:00,203.06,2023-08-04 20:13:15.407641,0
2023-05-08 05:30:00,259.41,2023-08-04 21:13:15.407641,0
2023-05-08 06:00:00,199.89,2023-08-04 22:13:15.407641,0
2023-05-08 06:30:00,240.11,2023-08-04 23:13:15.407641,0
2023-05-08 07:00:00,259.27,2023-08-05 00:13:15.407641,0
2023-05-08 07:30:00,340.53,2023-08-05 01:13:15.407641,0
2023-05-08 08:00:00,337.87,2023-08-05 02:13:15.407641,0
2023-05-08 08:30:00,388.2,2023-08-05 03:13:15.407641,0
2023-05-08 09:00:00,435.62,2023-08-05 04:13:15.407641,0
2023-05-08 09:30:00,441.61,2023-08-05 05:13:15.407641,0
2023-05-08 10:00:00,461.13,2023-08-05 06:13:15.407641,0
2023-05-08 10:30:00,445.7,2023-08-05 07:13:15.407641,0
2023-05-08 11:00:00,437.28,2023-08-05 08:13:15.407641,0
2023-05-08 11:30:00,421.43,2023-08-05 09:13:15.407641,0
2023-05-08 12:00:00,389.0,2023-08-05 10:13:15.407641,0
2023-05-08 12:30:00,420.3,2023-08-05 11:13:15.407641,0
2023-05-08 13:00:00,429.99,2023-08-05 12:13:15.407641,0
2023-05-08 13:30:00,432.71,2023-08-05 13:13:15.407641,0
2023-05-08 14:00:00,469.64,2023-08-05 14:13:15.407641,0
2023-05-08 14:30:00,493.31,2023-08-05 15:13:15.407641,0
2023-05-08 15:00:00,515.79,2023-08-05 16:13:15.407641,0
2023-05-08 15:30:00,554.38,2023-08-05 17:13:15.407641,0
2023-05-08 16:00:00,601.34,2023-08-05 18:13:15.407641,0
2023-05-08 16:30:00,548.86,2023-08-05 19:13:15.407641,0
2023-05-08 17:00:00,515.68,2023-08-05 20:13:15.407641,0
2023-05-08 17:30:00,518.66,2023-08-05 21:13:15.407641,0
2023-05-08 18:00:00,477.9,2023-08-05 22:13:15.407641,0
2023-05-08 18:30:00,574.07,2023-08-05 23:13:15.407641,0
2023-05-08 19:00:00,1609.46,2023-08-06 00:13:15.407641,0
2023-05-08 19:30:00,776.13,2023-08-06 01:13:15.407641,0
2023-05-08 20:00:00,1560.14,2023-08-06 02:13:15.407641,0
2023-05-08 20:30:00,737.61,2023-08-06 03:13:15.407641,0
2023-05-08 21:00:00,531.57,2023-08-06 04:13:15.407641,0
2023-05-08 21:30:00,443.24,2023-08-06 05:13:15.407641,0
2023-05-08 22:00:00,393.14,2023-08-06 06:13:15.407641,0
2023-05-08 22:30:00,322.01,2023-08-06 07:13:15.407641,0
2023-05-08 23:00:00,271.04,2023-08-06 08:13:15.407641,0
2023-05-08 23:30:00,201.5,2023-08-06 09:13:15.407641,0
2023-05-09 00:00:00,321.67,2023-08-06 10:13:15.407641,0
2023-05-09 00:30:00,290.2,2023-08-06 11:13:15.407641,0
2023-05-09 01:00:00,260.65,2023-08-06 12:13:15.407641,0
2023-05-09 01:30:00,232.53,2023-08-06 13:13:15.407641,0
2023-05-09 02:00:00,261.09,2023-08-06 14:13:15.407641,0
2023-05-09 02:30:00,225.72,2023-08-06 15:13:15.407641,0
2023-05-09 03:00:00,218.3,2023-08-06 16:13:15.407641,0
2023-05-09 03:30:00,207.57,2023-08-06 17:13:15.407641,0
2023-05-09 04:00:00,207.74,2023-08-06 18:13:15.407641,0
2023-05-09 04:30:00,217.85,2023-08-06 19:13:15.407641,0
2023-05-09 05:00:00,230.55,2023-08-06 20:13:15.407641,0
2023-05-09 05:30:00,301.74,2023-08-06 21:13:15.407641,0
2023-05-09 06:00:00,203.15,2023-08-06 22:13:15.407641,0
2023-05-09 06:30:00,249.78,2023-08-06 23:13:15.407641,0
2023-05-09 07:00:00,339.66,2023-08-07 00:13:15.407641,0
2023-05-09 07:30:00,399.47,2023-08-07 01:13:15.407641,0
2023-05-09 08:00:00,419.8,2023-08-07 02:13:15.407641,0
2023-05-09 08:30:00,481.35,2023-08-07 03:13:15.407641,0
2023-05-09 09:00:00,480.76,2023-08-07 04:13:15.407641,0
2023-05-09 09:30:00,494.38,2023-08-07 05:13:15.407641,0
2023-05-09 10:00:00,618.97,2023-08-07 06:13:15.407641,0
2023-05-09 10:30:00,1348.93,2023-08-07 07:13:15.407641,0
2023-05-09 11:00:00,615.54,2023-08-07 08:13:15.407641,0
2023-05-09 11:30:00,556.69,2023-08-07 09:13:15.407641,0
2023-05-09 12:00:00,484.83,2023-08-07 10:13:15.407641,0
2023-05-09 12:30:00,432.92,2023-08-07 11:13:15.407641,0
2023-05-09 13:00:00,381.57,2023-08-07 12:13:15.407641,0
2023-05-09 13:30:00,425.93,2023-08-07 13:13:15.407641,0
2023-05-09 14:00:00,455.02,2023-08-07 14:13:15.407641,0
2023-05-09 14:30:00,457.45,2023-08-07 15:13:15.407641,0
2023-05-09 15:00:00,458.37,2023-08-07 16:13:15.407641,0
2023-05-09 15:30:00,459.46,2023-08-07 17:13:15.407641,0
2023-05-09 16:00:00,483.52,2023-08-07 18:13:15.407641,0
2023-05-09 16:30:00,487.26,2023-08-07 19:13:15.407641,0
2023-05-09 17:00:00,487.57,2023-08-07 20:13:15.407641,0
2023-05-09 17:30:00,473.28,2023-08-07 21:13:15.407641,0
2023-05-09 18:00:00,432.16,2023-08-07 22:13:15.407641,0
2023-05-09 18:30:00,477.46,2023-08-07 23:13:15.407641,0
2023-05-09 19:00:00,493.02,2023-08-08 00:13:15.407641,0
2023-05-09 19:30:00,492.98,2023-08-08 01:13:15.407641,0
2023-05-09 20:00:00,499.41,2023-08-08 02:13:15.407641,0
2023-05-09 20:30:00,478.38,2023-08-08 03:13:15.407641,0
2023-05-09 21:00:00,436.58,2023-08-08 04:13:15.407641,0
2023-05-09 21:30:00,401.47,2023-08-08 05:13:15.407641,0
2023-05-09 22:00:00,387.26,2023-08-08 06:13:15.407641,0
2023-05-09 22:30:00,358.86,2023-08-08 07:13:15.407641,0
2023-05-09 23:00:00,355.66,2023-08-08 08:13:15.407641,0
2023-05-09 23:30:00,250.88,2023-08-08 09:13:15.407641,0
2023-05-10 00:00:00,377.61,2023-08-08 10:13:15.407641,0
2023-05-10 00:30:00,427.5,2023-08-08 11:13:15.407641,0
2023-05-10 01:00:00,375.88,2023-08-08 12:13:15.407641,0
2023-05-10 01:30:00,335.74,2023-08-08 13:13:15.407641,0
2023-05-10 02:00:00,367.48,2023-08-08 14:13:15.407641,0
2023-05-10 02:30:00,326.48,2023-08-08 15:13:15.407641,0
2023-05-10 03:00:00,286.28,2023-08-08 16:13:15.407641,0
2023-05-10 03:30:00,275.89,2023-08-08 17:13:15.407641,0
2023-05-10 04:00:00,297.4,2023-08-08 18:13:15.407641,0
2023-05-10 04:30:00,333.16,2023-08-08 19:13:15.407641,0
2023-05-10 05:00:00,338.17,2023-08-08 20:13:15.407641,0
2023-05-10 05:30:00,480.49,2023-08-08 21:13:15.407641,0
2023-05-10 06:00:00,303.85,2023-08-08 22:13:15.407641,0
2023-05-10 06:30:00,367.11,2023-08-08 23:13:15.407641,0
2023-05-10 07:00:00,385.93,2023-08-09 00:13:15.407641,0
2023-05-10 07:30:00,1977.33,2023-08-09 01:13:15.407641,0
2023-05-10 08:00:00,1162.87,2023-08-09 02:13:15.407641,0
2023-05-10 08:30:00,2463.67,2023-08-09 03:13:15.407641,0
2023-05-10 09:00:00,1971.31,2023-08-09 04:13:15.407641,0
2023-05-10 09:30:00,1963.11,2023-08-09 05:13:15.407641,0
2023-05-10 10:00:00,1966.66,2023-08-09 06:13:15.407641,0
2023-05-10 10:30:00,2307.52,2023-08-09 07:13:15.407641,0
2023-05-10 11:00:00,1967.73,2023-08-09 08:13:15.407641,0
2023-05-10 11:30:00,577.6,2023-08-09 09:13:15.407641,0
2023-05-10 12:00:00,478.83,2023-08-09 10:13:15.407641,0
2023-05-10 12:30:00,478.42,2023-08-09 11:13:15.407641,0
2023-05-10 13:00:00,441.15,2023-08-09 12:13:15.407641,0
2023-05-10 13:30:00,448.17,2023-08-09 13:13:15.407641,0
2023-05-10 14:00:00,660.04,2023-08-09 14:13:15.407641,0
2023-05-10 14:30:00,1004.83,2023-08-09 15:13:15.407641,0
2023-05-10 15:00:00,1315.43,2023-08-09 16:13:15.407641,0
2023-05-10 15:30:00,1976.29,2023-08-09 17:13:15.407641,0
2023-05-10 16:00:00,2464.92,2023-08-09 18:13:15.407641,0
2023-05-10 16:30:00,2930.16,2023-08-09 19:13:15.407641,0
2023-05-10 17:00:00,2928.47,2023-08-09 20:13:15.407641,0
2023-05-10 17:30:00,2469.7,2023-08-09 21:13:15.407641,0
2023-05-10 18:00:00,2452.77,2023-08-09 22:13:15.407641,0
2023-05-10 18:30:00,2457.14,2023-08-09 23:13:15.407641,0
2023-05-10 19:00:00,2455.08,2023-08-10 00:13:15.407641,0
2023-05-10 19:30:00,2956.31,2023-08-10 01:13:15.407641,0
2023-05-10 20:00:00,2949.71,2023-08-10 02:13:15.407641,0
2023-05-10 20:30:00,2946.86,2023-08-10 03:13:15.407641,0
2023-05-10 21:00:00,2450.77,2023-08-10 04:13:15.407641,0
2023-05-10 21:30:00,521.14,2023-08-10 05:13:15.407641,0
2023-05-10 22:00:00,511.35,2023-08-10 06:13:15.407641,0
2023-05-10 22:30:00,427.2,2023-08-10 07:13:15.407641,0
2023-05-10 23:00:00,362.87,2023-08-10 08:13:15.407641,0
2023-05-10 23:30:00,368.72,2023-08-10 09:13:15.407641,0
2023-05-11 00:00:00,2471.08,2023-08-10 10:13:15.407641,0
2023-05-11 00:30:00,1978.38,2023-08-10 11:13:15.407641,0
2023-05-11 01:00:00,573.77,2023-08-10 12:13:15.407641,0
2023-05-11 01:30:00,533.44,2023-08-10 13:13:15.407641,0
2023-05-11 02:00:00,512.69,2023-08-10 14:13:15.407641,0
2023-05-11 02:30:00,505.24,2023-08-10 15:13:15.407641,0
2023-05-11 03:00:00,534.53,2023-08-10 16:13:15.407641,0
2023-05-11 03:30:00,492.61,2023-08-10 17:13:15.407641,0
2023-05-11 04:00:00,481.42,2023-08-10 18:13:15.407641,0
2023-05-11 04:30:00,501.95,2023-08-10 19:13:15.407641,0
2023-05-11 05:00:00,510.27,2023-08-10 20:13:15.407641,0
2023-05-11 05:30:00,612.85,2023-08-10 21:13:15.407641,0
2023-05-11 06:00:00,399.83,2023-08-10 22:13:15.407641,0
2023-05-11 06:30:00,482.42,2023-08-10 23:13:15.407641,0
2023-05-11 07:00:00,443.0,2023-08-11 00:13:15.407641,0
2023-05-11 07:30:00,1974.95,2023-08-11 01:13:15.407641,0
2023-05-11 08:00:00,854.61,2023-08-11 02:13:15.407641,0
2023-05-11 08:30:00,848.02,2023-08-11 03:13:15.407641,0
2023-05-11 09:00:00,848.86,2023-08-11 04:13:15.407641,0
2023-05-11 09:30:00,851.25,2023-08-11 05:13:15.407641,0
2023-05-11 10:00:00,1969.42,2023-08-11 06:13:15.407641,0
2023-05-11 10:30:00,1964.23,2023-08-11 07:13:15.407641,0
2023-05-11 11:00:00,1961.69,2023-08-11 08:13:15.407641,0
2023-05-11 11:30:00,774.24,2023-08-11 09:13:15.407641,0
2023-05-11 12:00:00,578.78,2023-08-11 10:13:15.407641,0
2023-05-11 12:30:00,762.6,2023-08-11 11:13:15.407641,0
2023-05-11 13:00:00,1961.8,2023-08-11 12:13:15.407641,0
2023-05-11 13:30:00,2456.97,2023-08-11 13:13:15.407641,0
2023-05-11 14:00:00,2939.64,2023-08-11 14:13:15.407641,0
2023-05-11 14:30:00,2463.31,2023-08-11 15:13:15.407641,0
2023-05-11 15:00:00,2934.77,2023-08-11 16:13:15.407641,0
2023-05-11 15:30:00,2946.31,2023-08-11 17:13:15.407641,0
2023-05-11 16:00:00,2922.64,2023-08-11 18:13:15.407641,0
2023-05-11 16:30:00,3242.31,2023-08-11 19:13:15.407641,0
2023-05-11 17:00:00,3263.91,2023-08-11 20:13:15.407641,0
2023-05-11 17:30:00,3280.7,2023-08-11 21:13:15.407641,0
2023-05-11 18:00:00,2441.93,2023-08-11 22:13:15.407641,0
2023-05-11 18:30:00,2459.09,2023-08-11 23:13:15.407641,0
2023-05-11 19:00:00,2468.58,2023-08-12 00:13:15.407641,0
2023-05-11 19:30:00,1968.49,2023-08-12 01:13:15.407641,0
2023-05-11 20:00:00,2452.66,2023-08-12 02:13:15.407641,0
2023-05-11 20:30:00,1958.17,2023-08-12 03:13:15.407641,0
2023-05-11 21:00:00,1956.06,2023-08-12 04:13:15.407641,0
2023-05-11 21:30:00,547.11,2023-08-12 05:13:15.407641,0
2023-05-11 22:00:00,547.41,2023-08-12 06:13:15.407641,0
2023-05-11 22:30:00,528.9,2023-08-12 07:13:15.407641,0
2023-05-11 23:00:00,580.33,2023-08-12 08:13:15.407641,0
2023-05-11 23:30:00,431.46,2023-08-12 09:13:15.407641,0
2023-05-12 00:00:00,599.8,2023-08-12 10:13:15.407641,0
2023-05-12 00:30:00,579.09,2023-08-12 11:13:15.407641,0
2023-05-12 01:00:00,517.9,2023-08-12 12:13:15.407641,0
2023-05-12 01:30:00,486.09,2023-08-12 13:13:15.407641,0
2023-05-12 02:00:00,466.22,2023-08-12 14:13:15.407641,0
2023-05-12 02:30:00,435.9,2023-08-12 15:13:15.407641,0
2023-05-12 03:00:00,456.93,2023-08-12 16:13:15.407641,0
2023-05-12 03:30:00,455.84,2023-08-12 17:13:15.407641,0
2023-05-12 04:00:00,434.45,2023-08-12 18:13:15.407641,0
2023-05-12 04:30:00,453.32,2023-08-12 19:13:15.407641,0
2023-05-12 05:00:00,465.42,2023-08-12 20:13:15.407641,0
2023-05-12 05:30:00,476.19,2023-08-12 21:13:15.407641,0
2023-05-12 06:00:00,382.38,2023-08-12 22:13:15.407641,0
2023-05-12 06:30:00,401.79,2023-08-12 23:13:15.407641,0
2023-05-12 07:00:00,381.46,2023-08-13 00:13:15.407641,0
2023-05-12 07:30:00,493.84,2023-08-13 01:13:15.407641,0
2023-05-12 08:00:00,511.28,2023-08-13 02:13:15.407641,0
2023-05-12 08:30:00,701.5,2023-08-13 03:13:15.407641,0
2023-05-12 09:00:00,567.4,2023-08-13 04:13:15.407641,0
2023-05-12 09:30:00,713.86,2023-08-13 05:13:15.407641,0
2023-05-12 10:00:00,1971.77,2023-08-13 06:13:15.407641,0
2023-05-12 10:30:00,778.88,2023-08-13 07:13:15.407641,0
2023-05-12 11:00:00,576.0,2023-08-13 08:13:15.407641,0
2023-05-12 11:30:00,525.2,2023-08-13 09:13:15.407641,0
2023-05-12 12:00:00,532.8,2023-08-13 10:13:15.407641,0
2023-05-12 12:30:00,563.34,2023-08-13 11:13:15.407641,0
2023-05-12 13:00:00,707.18,2023-08-13 12:13:15.407641,0
2023-05-12 13:30:00,1965.64,2023-08-13 13:13:15.407641,0
2023-05-12 14:00:00,843.13,2023-08-13 14:13:15.407641,0
2023-05-12 14:30:00,849.58,2023-08-13 15:13:15.407641,0
2023-05-12 15:00:00,2957.48,2023-08-13 16:13:15.407641,0
2023-05-12 15:30:00,2964.16,2023-08-13 17:13:15.407641,0
2023-05-12 16:00:00,2961.8,2023-08-13 18:13:15.407641,0
2023-05-12 16:30:00,2950.34,2023-08-13 19:13:15.407641,0
2023-05-12 17:00:00,2943.74,2023-08-13 20:13:15.407641,0
2023-05-12 17:30:00,840.19,2023-08-13 21:13:15.407641,0
2023-05-12 18:00:00,848.57,2023-08-13 22:13:15.407641,0
2023-05-12 18:30:00,848.44,2023-08-13 23:13:15.407641,0
2023-05-12 19:00:00,853.16,2023-08-14 00:13:15.407641,0
2023-05-12 19:30:00,851.53,2023-08-14 01:13:15.407641,0
2023-05-12 20:00:00,792.47,2023-08-14 02:13:15.407641,0
2023-05-12 20:30:00,730.69,2023-08-14 03:13:15.407641,0
2023-05-12 21:00:00,1975.44,2023-08-14 04:13:15.407641,0
2023-05-12 21:30:00,529.45,2023-08-14 05:13:15.407641,0
2023-05-12 22:00:00,530.86,2023-08-14 06:13:15.407641,0
2023-05-12 22:30:00,441.85,2023-08-14 07:13:15.407641,0
2023-05-12 23:00:00,399.34,2023-08-14 08:13:15.407641,0
2023-05-12 23:30:00,371.19,2023-08-14 09:13:15.407641,0
2023-05-13 00:00:00,571.99,2023-08-14 10:13:15.407641,0
2023-05-13 00:30:00,563.07,2023-08-14 11:13:15.407641,0
2023-05-13 01:00:00,551.77,2023-08-14 12:13:15.407641,0
2023-05-13 01:30:00,515.2,2023-08-14 13:13:15.407641,0
2023-05-13 02:00:00,464.41,2023-08-14 14:13:15.407641,0
2023-05-13 02:30:00,474.1,2023-08-14 15:13:15.407641,0
2023-05-13 03:00:00,496.16,2023-08-14 16:13:15.407641,0
2023-05-13 03:30:00,483.96,2023-08-14 17:13:15.407641,0
2023-05-13 04:00:00,477.49,2023-08-14 18:13:15.407641,0
2023-05-13 04:30:00,487.35,2023-08-14 19:13:15.407641,0
2023-05-13 05:00:00,477.35,2023-08-14 20:13:15.407641,0
2023-05-13 05:30:00,486.88,2023-08-14 21:13:15.407641,0
2023-05-13 06:00:00,278.13,2023-08-14 22:13:15.407641,0
2023-05-13 06:30:00,357.07,2023-08-14 23:13:15.407641,0
2023-05-13 07:00:00,358.46,2023-08-15 00:13:15.407641,0
2023-05-13 07:30:00,447.87,2023-08-15 01:13:15.407641,0
2023-05-13 08:00:00,425.44,2023-08-15 02:13:15.407641,0
2023-05-13 08:30:00,478.58,2023-08-15 03:13:15.407641,0
2023-05-13 09:00:00,363.18,2023-08-15 04:13:15.407641,0
2023-05-13 09:30:00,363.76,2023-08-15 05:13:15.407641,0
2023-05-13 10:00:00,362.31,2023-08-15 06:13:15.407641,0
2023-05-13 10:30:00,372.1,2023-08-15 07:13:15.407641,0
2023-05-13 11:00:00,365.35,2023-08-15 08:13:15.407641,0
2023-05-13 11:30:00,352.83,2023-08-15 09:13:15.407641,0
2023-05-13 12:00:00,381.58,2023-08-15 10:13:15.407641,0
2023-05-13 12:30:00,381.0,2023-08-15 11:13:15.407641,0
2023-05-13 13:00:00,390.89,2023-08-15 12:13:15.407641,0
2023-05-13 13:30:00,393.28,2023-08-15 13:13:15.407641,0
2023-05-13 14:00:00,380.31,2023-08-15 14:13:15.407641,0
2023-05-13 14:30:00,388.77,2023-08-15 15:13:15.407641,0
2023-05-13 15:00:00,392.45,2023-08-15 16:13:15.407641,0
2023-05-13 15:30:00,414.42,2023-08-15 17:13:15.407641,0
2023-05-13 16:00:00,452.35,2023-08-15 18:13:15.407641,0
2023-05-13 16:30:00,483.89,2023-08-15 19:13:15.407641,0
2023-05-13 17:00:00,505.11,2023-08-15 20:13:15.407641,0
2023-05-13 17:30:00,527.04,2023-08-15 21:13:15.407641,0
2023-05-13 18:00:00,581.27,2023-08-15 22:13:15.407641,0
2023-05-13 18:30:00,726.11,2023-08-15 23:13:15.407641,0
2023-05-13 19:00:00,1977.96,2023-08-16 00:13:15.407641,0
2023-05-13 19:30:00,1977.86,2023-08-16 01:13:15.407641,0
2023-05-13 20:00:00,1977.11,2023-08-16 02:13:15.407641,0
2023-05-13 20:30:00,2466.47,2023-08-16 03:13:15.407641,0
2023-05-13 21:00:00,1972.77,2023-08-16 04:13:15.407641,0
2023-05-13 21:30:00,1957.69,2023-08-16 05:13:15.407641,0
2023-05-13 22:00:00,773.06,2023-08-16 06:13:15.407641,0
2023-05-13 22:30:00,572.7,2023-08-16 07:13:15.407641,0
2023-05-13 23:00:00,535.87,2023-08-16 08:13:15.407641,0
2023-05-13 23:30:00,476.17,2023-08-16 09:13:15.407641,0
2023-05-14 00:00:00,576.99,2023-08-16 10:13:15.407641,0
2023-05-14 00:30:00,537.1,2023-08-16 11:13:15.407641,0
2023-05-14 01:00:00,507.84,2023-08-16 12:13:15.407641,0
2023-05-14 01:30:00,445.32,2023-08-16 13:13:15.407641,0
2023-05-14 02:00:00,404.31,2023-08-16 14:13:15.407641,0
2023-05-14 02:30:00,394.41,2023-08-16 15:13:15.407641,0
2023-05-14 03:00:00,393.11,2023-08-16 16:13:15.407641,0
2023-05-14 03:30:00,357.82,2023-08-16 17:13:15.407641,0
2023-05-14 04:00:00,352.88,2023-08-16 18:13:15.407641,0
2023-05-14 04:30:00,351.65,2023-08-16 19:13:15.407641,0
2023-05-14 05:00:00,350.21,2023-08-16 20:13:15.407641,0
2023-05-14 05:30:00,402.09,2023-08-16 21:13:15.407641,0
2023-05-14 06:00:00,199.26,2023-08-16 22:13:15.407641,0
2023-05-14 06:30:00,199.56,2023-08-16 23:13:15.407641,0
2023-05-14 07:00:00,198.01,2023-08-17 00:13:15.407641,0
2023-05-14 07:30:00,200.07,2023-08-17 01:13:15.407641,0
2023-05-14 08:00:00,198.36,2023-08-17 02:13:15.407641,0
2023-05-14 08:30:00,206.25,2023-08-17 03:13:15.407641,0
2023-05-14 09:00:00,220.32,2023-08-17 04:13:15.407641,0
2023-05-14 09:30:00,356.2,2023-08-17 05:13:15.407641,0
2023-05-14 10:00:00,356.78,2023-08-17 06:13:15.407641,0
2023-05-14 10:30:00,351.53,2023-08-17 07:13:15.407641,0
2023-05-14 11:00:00,204.68,2023-08-17 08:13:15.407641,0
2023-05-14 11:30:00,195.12,2023-08-17 09:13:15.407641,0
2023-05-14 12:00:00,195.68,2023-08-17 10:13:15.407641,0
2023-05-14 12:30:00,199.48,2023-08-17 11:13:15.407641,0
2023-05-14 13:00:00,259.33,2023-08-17 12:13:15.407641,0
2023-05-14 13:30:00,225.4,2023-08-17 13:13:15.407641,0
2023-05-14 14:00:00,223.23,2023-08-17 14:13:15.407641,0
2023-05-14 14:30:00,305.84,2023-08-17 15:13:15.407641,0
2023-05-14 15:00:00,348.77,2023-08-17 16:13:15.407641,0
2023-05-14 15:30:00,385.15,2023-08-17 17:13:15.407641,0
2023-05-14 16:00:00,431.82,2023-08-17 18:13:15.407641,0
2023-05-14 16:30:00,485.54,2023-08-17 19:13:15.407641,0
2023-05-14 17:00:00,497.04,2023-08-17 20:13:15.407641,0
2023-05-14 17:30:00,510.11,2023-08-17 21:13:15.407641,0
2023-05-14 18:00:00,504.7,2023-08-17 22:13:15.407641,0
2023-05-14 18:30:00,521.22,2023-08-17 23:13:15.407641,0
2023-05-14 19:00:00,429.92,2023-08-18 00:13:15.407641,0
2023-05-14 19:30:00,567.24,2023-08-18 01:13:15.407641,0
2023-05-14 20:00:00,582.65,2023-08-18 02:13:15.407641,0
2023-05-14 20:30:00,761.66,2023-08-18 03:13:15.407641,0
2023-05-14 21:00:00,788.8,2023-08-18 04:13:15.407641,0
2023-05-14 21:30:00,738.82,2023-08-18 05:13:15.407641,0
2023-05-14 22:00:00,557.68,2023-08-18 06:13:15.407641,0
2023-05-14 22:30:00,517.85,2023-08-18 07:13:15.407641,0
2023-05-14 23:00:00,467.47,2023-08-18 08:13:15.407641,0
2023-05-14 23:30:00,490.21,2023-08-18 09:13:15.407641,0
2023-05-15 00:00:00,583.63,2023-08-18 10:13:15.407641,0
2023-05-15 00:30:00,525.48,2023-08-18 11:13:15.407641,0
2023-05-15 01:00:00,406.44,2023-08-18 12:13:15.407641,0
2023-05-15 01:30:00,384.78,2023-08-18 13:13:15.407641,0
2023-05-15 02:00:00,361.0,2023-08-18 14:13:15.407641,0
2023-05-15 02:30:00,355.45,2023-08-18 15:13:15.407641,0
2023-05-15 03:00:00,359.92,2023-08-18 16:13:15.407641,0
2023-05-15 03:30:00,355.25,2023-08-18 17:13:15.407641,0
2023-05-15 04:00:00,355.16,2023-08-18 18:13:15.407641,0
2023-05-15 04:30:00,355.2,2023-08-18 19:13:15.407641,0
2023-05-15 05:00:00,356.75,2023-08-18 20:13:15.407641,0
2023-05-15 05:30:00,358.18,2023-08-18 21:13:15.407641,0
2023-05-15 06:00:00,198.91,2023-08-18 22:13:15.407641,0
2023-05-15 06:30:00,198.34,2023-08-18 23:13:15.407641,0
2023-05-15 07:00:00,271.85,2023-08-19 00:13:15.407641,0
2023-05-15 07:30:00,401.03,2023-08-19 01:13:15.407641,0
2023-05-15 08:00:00,498.98,2023-08-19 02:13:15.407641,0
2023-05-15 08:30:00,578.97,2023-08-19 03:13:15.407641,0
2023-05-15 09:00:00,577.92,2023-08-19 04:13:15.407641,0
2023-05-15 09:30:00,759.37,2023-08-19 05:13:15.407641,0
2023-05-15 10:00:00,769.12,2023-08-19 06:13:15.407641,0
2023-05-15 10:30:00,1957.38,2023-08-19 07:13:15.407641,0
2023-05-15 11:00:00,1973.6,2023-08-19 08:13:15.407641,0
2023-05-15 11:30:00,1974.07,2023-08-19 09:13:15.407641,0
2023-05-15 12:00:00,1978.73,2023-08-19 10:13:15.407641,0
2023-05-15 12:30:00,1979.76,2023-08-19 11:13:15.407641,0
2023-05-15 13:00:00,758.78,2023-08-19 12:13:15.407641,0
2023-05-15 13:30:00,578.95,2023-08-19 13:13:15.407641,0
2023-05-15 14:00:00,746.46,2023-08-19 14:13:15.407641,0
2023-05-15 14:30:00,2435.73,2023-08-19 15:13:15.407641,0
2023-05-15 15:00:00,3446.49,2023-08-19 16:13:15.407641,0
2023-05-15 15:30:00,3566.78,2023-08-19 17:13:15.407641,0
2023-05-15 16:00:00,3583.54,2023-08-19 18:13:15.407641,0
2023-05-15 16:30:00,3565.5,2023-08-19 19:13:15.407641,0
2023-05-15 17:00:00,3470.48,2023-08-19 20:13:15.407641,0
2023-05-15 17:30:00,2477.12,2023-08-19 21:13:15.407641,0
2023-05-15 18:00:00,1991.94,2023-08-19 22:13:15.407641,0
2023-05-15 18:30:00,767.06,2023-08-19 23:13:15.407641,0
2023-05-15 19:00:00,762.1,2023-08-20 00:13:15.407641,0
2023-05-15 19:30:00,1980.03,2023-08-20 01:13:15.407641,0
2023-05-15 20:00:00,1983.13,2023-08-20 02:13:15.407641,0
2023-05-15 20:30:00,1987.04,2023-08-20 03:13:15.407641,0
2023-05-15 21:00:00,772.17,2023-08-20 04:13:15.407641,0
2023-05-15 21:30:00,546.52,2023-08-20 05:13:15.407641,0
2023-05-15 22:00:00,488.38,2023-08-20 06:13:15.407641,0
2023-05-15 22:30:00,384.99,2023-08-20 07:13:15.407641,0
2023-05-15 23:00:00,407.09,2023-08-20 08:13:15.407641,0
2023-05-15 23:30:00,345.11,2023-08-20 09:13:15.407641,0
2023-05-16 00:00:00,468.88,2023-08-20 10:13:15.407641,0
2023-05-16 00:30:00,394.95,2023-08-20 11:13:15.407641,0
2023-05-16 01:00:00,342.0,2023-08-20 12:13:15.407641,0
2023-05-16 01:30:00,346.99,2023-08-20 13:13:15.407641,0
2023-05-16 02:00:00,341.68,2023-08-20 14:13:15.407641,0
2023-05-16 02:30:00,267.6,2023-08-20 15:13:15.407641,0
2023-05-16 03:00:00,227.73,2023-08-20 16:13:15.407641,0
2023-05-16 03:30:00,185.79,2023-08-20 17:13:15.407641,0
2023-05-16 04:00:00,169.13,2023-08-20 18:13:15.407641,0
2023-05-16 04:30:00,168.75,2023-08-20 19:13:15.407641,0
2023-05-16 05:00:00,186.57,2023-08-20 20:13:15.407641,0
2023-05-16 05:30:00,265.75,2023-08-20 21:13:15.407641,0
2023-05-16 06:00:00,187.48,2023-08-20 22:13:15.407641,0
2023-05-16 06:30:00,186.4,2023-08-20 23:13:15.407641,0
2023-05-16 07:00:00,189.78,2023-08-21 00:13:15.407641,0
2023-05-16 07:30:00,344.33,2023-08-21 01:13:15.407641,0
2023-05-16 08:00:00,431.98,2023-08-21 02:13:15.407641,0
2023-05-16 08:30:00,491.22,2023-08-21 03:13:15.407641,0
2023-05-16 09:00:00,481.12,2023-08-21 04:13:15.407641,0
2023-05-16 09:30:00,535.33,2023-08-21 05:13:15.407641,0
2023-05-16 10:00:00,555.81,2023-08-21 06:13:15.407641,0
2023-05-16 10:30:00,503.82,2023-08-21 07:13:15.407641,0
2023-05-16 11:00:00,483.78,2023-08-21 08:13:15.407641,0
2023-05-16 11:30:00,444.74,2023-08-21 09:13:15.407641,0
2023-05-16 12:00:00,436.24,2023-08-21 10:13:15.407641,0
2023-05-16 12:30:00,355.27,2023-08-21 11:13:15.407641,0
2023-05-16 13:00:00,216.5,2023-08-21 12:13:15.407641,0
2023-05-16 13:30:00,242.01,2023-08-21 13:13:15.407641,0
2023-05-16 14:00:00,303.13,2023-08-21 14:13:15.407641,0
2023-05-16 14:30:00,338.04,2023-08-21 15:13:15.407641,0
2023-05-16 15:00:00,351.58,2023-08-21 16:13:15.407641,0
2023-05-16 15:30:00,356.84,2023-08-21 17:13:15.407641,0
2023-05-16 16:00:00,352.46,2023-08-21 18:13:15.407641,0
2023-05-16 16:30:00,368.57,2023-08-21 19:13:15.407641,0
2023-05-16 17:00:00,342.89,2023-08-21 20:13:15.407641,0
2023-05-16 17:30:00,228.68,2023-08-21 21:13:15.407641,0
2023-05-16 18:00:00,255.99,2023-08-21 22:13:15.407641,0
2023-05-16 18:30:00,292.89,2023-08-21 23:13:15.407641,0
2023-05-16 19:00:00,344.67,2023-08-22 00:13:15.407641,0
2023-05-16 19:30:00,356.44,2023-08-22 01:13:15.407641,0
2023-05-16 20:00:00,353.96,2023-08-22 02:13:15.407641,0
2023-05-16 20:30:00,349.56,2023-08-22 03:13:15.407641,0
2023-05-16 21:00:00,333.32,2023-08-22 04:13:15.407641,0
2023-05-16 21:30:00,224.24,2023-08-22 05:13:15.407641,0
2023-05-16 22:00:00,189.47,2023-08-22 06:13:15.407641,0
2023-05-16 22:30:00,187.07,2023-08-22 07:13:15.407641,0
2023-05-16 23:00:00,187.86,2023-08-22 08:13:15.407641,0
2023-05-16 23:30:00,144.09,2023-08-22 09:13:15.407641,0
2023-05-17 00:00:00,143.25,2023-08-22 10:13:15.407641,0
2023-05-17 00:30:00,118.58,2023-08-22 11:13:15.407641,0
2023-05-17 01:00:00,135.41,2023-08-22 12:13:15.407641,0
2023-05-17 01:30:00,134.2,2023-08-22 13:13:15.407641,0
2023-05-17 02:00:00,119.11,2023-08-22 14:13:15.407641,0
2023-05-17 02:30:00,118.84,2023-08-22 15:13:15.407641,0
2023-05-17 03:00:00,110.08,2023-08-22 16:13:15.407641,0
2023-05-17 03:30:00,109.0,2023-08-22 17:13:15.407641,0
2023-05-17 04:00:00,105.81,2023-08-22 18:13:15.407641,0
2023-05-17 04:30:00,107.25,2023-08-22 19:13:15.407641,0
2023-05-17 05:00:00,118.21,2023-08-22 20:13:15.407641,0
2023-05-17 05:30:00,143.06,2023-08-22 21:13:15.407641,0
2023-05-17 06:00:00,154.71,2023-08-22 22:13:15.407641,0
2023-05-17 06:30:00,163.74,2023-08-22 23:13:15.407641,0
2023-05-17 07:00:00,187.2,2023-08-23 00:13:15.407641,0
2023-05-17 07:30:00,302.07,2023-08-23 01:13:15.407641,0
2023-05-17 08:00:00,351.99,2023-08-23 02:13:15.407641,0
2023-05-17 08:30:00,431.73,2023-08-23 03:13:15.407641,0
2023-05-17 09:00:00,400.37,2023-08-23 04:13:15.407641,0
2023-05-17 09:30:00,429.41,2023-08-23 05:13:15.407641,0
2023-05-17 10:00:00,492.28,2023-08-23 06:13:15.407641,0
2023-05-17 10:30:00,502.97,2023-08-23 07:13:15.407641,0
2023-05-17 11:00:00,451.93,2023-08-23 08:13:15.407641,0
2023-05-17 11:30:00,399.48,2023-08-23 09:13:15.407641,0
2023-05-17 12:00:00,427.71,2023-08-23 10:13:15.407641,0
2023-05-17 12:30:00,414.19,2023-08-23 11:13:15.407641,0
2023-05-17 13:00:00,397.73,2023-08-23 12:13:15.407641,0
2023-05-17 13:30:00,477.77,2023-08-23 13:13:15.407641,0
2023-05-17 14:00:00,696.75,2023-08-23 14:13:15.407641,0
2023-05-17 14:30:00,1983.99,2023-08-23 15:13:15.407641,0
2023-05-17 15:00:00,558.72,2023-08-23 16:13:15.407641,0
2023-05-17 15:30:00,481.24,2023-08-23 17:13:15.407641,0
2023-05-17 16:00:00,474.2,2023-08-23 18:13:15.407641,0
2023-05-17 16:30:00,473.99,2023-08-23 19:13:15.407641,0
2023-05-17 17:00:00,453.1,2023-08-23 20:13:15.407641,0
2023-05-17 17:30:00,390.99,2023-08-23 21:13:15.407641,0
2023-05-17 18:00:00,365.46,2023-08-23 22:13:15.407641,0
2023-05-17 18:30:00,383.41,2023-08-23 23:13:15.407641,0
2023-05-17 19:00:00,366.6,2023-08-24 00:13:15.407641,0
2023-05-17 19:30:00,383.14,2023-08-24 01:13:15.407641,0
2023-05-17 20:00:00,384.22,2023-08-24 02:13:15.407641,0
2023-05-17 20:30:00,356.74,2023-08-24 03:13:15.407641,0
2023-05-17 21:00:00,354.25,2023-08-24 04:13:15.407641,0
2023-05-17 21:30:00,295.34,2023-08-24 05:13:15.407641,0
2023-05-17 22:00:00,235.32,2023-08-24 06:13:15.407641,0
2023-05-17 22:30:00,189.92,2023-08-24 07:13:15.407641,0
2023-05-17 23:00:00,187.87,2023-08-24 08:13:15.407641,0
2023-05-17 23:30:00,144.91,2023-08-24 09:13:15.407641,0
2023-05-18 00:00:00,148.52,2023-08-24 10:13:15.407641,0
2023-05-18 00:30:00,117.49,2023-08-24 11:13:15.407641,0
2023-05-18 01:00:00,128.47,2023-08-24 12:13:15.407641,0
2023-05-18 01:30:00,118.51,2023-08-24 13:13:15.407641,0
2023-05-18 02:00:00,122.59,2023-08-24 14:13:15.407641,0
2023-05-18 02:30:00,119.01,2023-08-24 15:13:15.407641,0
2023-05-18 03:00:00,115.91,2023-08-24 16:13:15.407641,0
2023-05-18 03:30:00,106.5,2023-08-24 17:13:15.407641,0
2023-05-18 04:00:00,106.12,2023-08-24 18:13:15.407641,0
2023-05-18 04:30:00,113.98,2023-08-24 19:13:15.407641,0
2023-05-18 05:00:00,113.67,2023-08-24 20:13:15.407641,0
2023-05-18 05:30:00,117.37,2023-08-24 21:13:15.407641,0
2023-05-18 06:00:00,147.97,2023-08-24 22:13:15.407641,0
2023-05-18 06:30:00,154.39,2023-08-24 23:13:15.407641,0
2023-05-18 07:00:00,147.98,2023-08-25 00:13:15.407641,0
2023-05-18 07:30:00,216.42,2023-08-25 01:13:15.407641,0
2023-05-18 08:00:00,343.29,2023-08-25 02:13:15.407641,0
2023-05-18 08:30:00,383.64,2023-08-25 03:13:15.407641,0
2023-05-18 09:00:00,347.58,2023-08-25 04:13:15.407641,0
2023-05-18 09:30:00,350.3,2023-08-25 05:13:15.407641,0
2023-05-18 10:00:00,353.41,2023-08-25 06:13:15.407641,0
2023-05-18 10:30:00,362.92,2023-08-25 07:13:15.407641,0
2023-05-18 11:00:00,363.11,2023-08-25 08:13:15.407641,0
2023-05-18 11:30:00,350.13,2023-08-25 09:13:15.407641,0
2023-05-18 12:00:00,224.37,2023-08-25 10:13:15.407641,0
2023-05-18 12:30:00,208.13,2023-08-25 11:13:15.407641,0
2023-05-18 13:00:00,206.87,2023-08-25 12:13:15.407641,0
2023-05-18 13:30:00,328.0,2023-08-25 13:13:15.407641,0
2023-05-18 14:00:00,379.19,2023-08-25 14:13:15.407641,0
2023-05-18 14:30:00,399.23,2023-08-25 15:13:15.407641,0
2023-05-18 15:00:00,389.83,2023-08-25 16:13:15.407641,0
2023-05-18 15:30:00,381.64,2023-08-25 17:13:15.407641,0
2023-05-18 16:00:00,390.95,2023-08-25 18:13:15.407641,0
2023-05-18 16:30:00,400.45,2023-08-25 19:13:15.407641,0
2023-05-18 17:00:00,388.76,2023-08-25 20:13:15.407641,0
2023-05-18 17:30:00,384.83,2023-08-25 21:13:15.407641,0
2023-05-18 18:00:00,391.27,2023-08-25 22:13:15.407641,0
2023-05-18 18:30:00,432.12,2023-08-25 23:13:15.407641,0
2023-05-18 19:00:00,403.75,2023-08-26 00:13:15.407641,0
2023-05-18 19:30:00,410.02,2023-08-26 01:13:15.407641,0
2023-05-18 20:00:00,402.91,2023-08-26 02:13:15.407641,0
2023-05-18 20:30:00,405.49,2023-08-26 03:13:15.407641,0
2023-05-18 21:00:00,395.13,2023-08-26 04:13:15.407641,0
2023-05-18 21:30:00,354.26,2023-08-26 05:13:15.407641,0
2023-05-18 22:00:00,335.88,2023-08-26 06:13:15.407641,0
2023-05-18 22:30:00,232.04,2023-08-26 07:13:15.407641,0
2023-05-18 23:00:00,226.5,2023-08-26 08:13:15.407641,0
2023-05-18 23:30:00,187.16,2023-08-26 09:13:15.407641,0
2023-05-19 00:00:00,244.12,2023-08-26 10:13:15.407641,0
2023-05-19 00:30:00,141.4,2023-08-26 11:13:15.407641,0
2023-05-19 01:00:00,300.18,2023-08-26 12:13:15.407641,0
2023-05-19 01:30:00,205.98,2023-08-26 13:13:15.407641,0
2023-05-19 02:00:00,186.6,2023-08-26 14:13:15.407641,0
2023-05-19 02:30:00,142.39,2023-08-26 15:13:15.407641,0
2023-05-19 03:00:00,142.4,2023-08-26 16:13:15.407641,0
2023-05-19 03:30:00,136.57,2023-08-26 17:13:15.407641,0
2023-05-19 04:00:00,141.66,2023-08-26 18:13:15.407641,0
2023-05-19 04:30:00,142.79,2023-08-26 19:13:15.407641,0
2023-05-19 05:00:00,143.03,2023-08-26 20:13:15.407641,0
2023-05-19 05:30:00,245.96,2023-08-26 21:13:15.407641,0
2023-05-19 06:00:00,183.4,2023-08-26 22:13:15.407641,0
2023-05-19 06:30:00,187.35,2023-08-26 23:13:15.407641,0
2023-05-19 07:00:00,187.92,2023-08-27 00:13:15.407641,0
2023-05-19 07:30:00,242.18,2023-08-27 01:13:15.407641,0
2023-05-19 08:00:00,381.01,2023-08-27 02:13:15.407641,0
2023-05-19 08:30:00,402.2,2023-08-27 03:13:15.407641,0
2023-05-19 09:00:00,389.51,2023-08-27 04:13:15.407641,0
2023-05-19 09:30:00,421.98,2023-08-27 05:13:15.407641,0
2023-05-19 10:00:00,442.23,2023-08-27 06:13:15.407641,0
2023-05-19 10:30:00,442.97,2023-08-27 07:13:15.407641,0
2023-05-19 11:00:00,431.79,2023-08-27 08:13:15.407641,0
2023-05-19 11:30:00,380.23,2023-08-27 09:13:15.407641,0
2023-05-19 12:00:00,329.51,2023-08-27 10:13:15.407641,0
2023-05-19 12:30:00,341.61,2023-08-27 11:13:15.407641,0
2023-05-19 13:00:00,377.76,2023-08-27 12:13:15.407641,0
2023-05-19 13:30:00,482.54,2023-08-27 13:13:15.407641,0
2023-05-19 14:00:00,502.78,2023-08-27 14:13:15.407641,0
2023-05-19 14:30:00,429.89,2023-08-27 15:13:15.407641,0
2023-05-19 15:00:00,381.79,2023-08-27 16:13:15.407641,0
2023-05-19 15:30:00,391.5,2023-08-27 17:13:15.407641,0
2023-05-19 16:00:00,396.93,2023-08-27 18:13:15.407641,0
2023-05-19 16:30:00,479.61,2023-08-27 19:13:15.407641,0
2023-05-19 17:00:00,457.79,2023-08-27 20:13:15.407641,0
2023-05-19 17:30:00,432.25,2023-08-27 21:13:15.407641,0
2023-05-19 18:00:00,386.53,2023-08-27 22:13:15.407641,0
2023-05-19 18:30:00,343.74,2023-08-27 23:13:15.407641,0
2023-05-19 19:00:00,392.69,2023-08-28 00:13:15.407641,0
2023-05-19 19:30:00,382.77,2023-08-28 01:13:15.407641,0
2023-05-19 20:00:00,337.46,2023-08-28 02:13:15.407641,0
2023-05-19 20:30:00,302.31,2023-08-28 03:13:15.407641,0
2023-05-19 21:00:00,231.28,2023-08-28 04:13:15.407641,0
2023-05-19 21:30:00,185.84,2023-08-28 05:13:15.407641,0
2023-05-19 22:00:00,332.55,2023-08-28 06:13:15.407641,0
2023-05-19 22:30:00,240.39,2023-08-28 07:13:15.407641,0
2023-05-19 23:00:00,333.56,2023-08-28 08:13:15.407641,0
2023-05-19 23:30:00,402.45,2023-08-28 09:13:15.407641,0
2023-05-20 00:00:00,3008.46,2023-08-28 10:13:15.407641,0
2023-05-20 00:30:00,3027.03,2023-08-28 11:13:15.407641,0
2023-05-20 01:00:00,600.47,2023-08-28 12:13:15.407641,0
2023-05-20 01:30:00,549.88,2023-08-28 13:13:15.407641,0
2023-05-20 02:00:00,518.6,2023-08-28 14:13:15.407641,0
2023-05-20 02:30:00,488.93,2023-08-28 15:13:15.407641,0
2023-05-20 03:00:00,447.74,2023-08-28 16:13:15.407641,0
2023-05-20 03:30:00,396.42,2023-08-28 17:13:15.407641,0
2023-05-20 04:00:00,341.49,2023-08-28 18:13:15.407641,0
2023-05-20 04:30:00,296.43,2023-08-28 19:13:15.407641,0
2023-05-20 05:00:00,320.89,2023-08-28 20:13:15.407641,0
2023-05-20 05:30:00,395.69,2023-08-28 21:13:15.407641,0
2023-05-20 06:00:00,188.51,2023-08-28 22:13:15.407641,0
2023-05-20 06:30:00,191.42,2023-08-28 23:13:15.407641,0
2023-05-20 07:00:00,191.11,2023-08-29 00:13:15.407641,0
2023-05-20 07:30:00,334.8,2023-08-29 01:13:15.407641,0
2023-05-20 08:00:00,343.02,2023-08-29 02:13:15.407641,0
2023-05-20 08:30:00,424.4,2023-08-29 03:13:15.407641,0
2023-05-20 09:00:00,334.81,2023-08-29 04:13:15.407641,0
2023-05-20 09:30:00,334.86,2023-08-29 05:13:15.407641,0
2023-05-20 10:00:00,334.02,2023-08-29 06:13:15.407641,0
2023-05-20 10:30:00,341.54,2023-08-29 07:13:15.407641,0
2023-05-20 11:00:00,339.29,2023-08-29 08:13:15.407641,0
2023-05-20 11:30:00,330.39,2023-08-29 09:13:15.407641,0
2023-05-20 12:00:00,339.72,2023-08-29 10:13:15.407641,0
2023-05-20 12:30:00,335.63,2023-08-29 11:13:15.407641,0
2023-05-20 13:00:00,325.3,2023-08-29 12:13:15.407641,0
2023-05-20 13:30:00,224.89,2023-08-29 13:13:15.407641,0
2023-05-20 14:00:00,215.77,2023-08-29 14:13:15.407641,0
2023-05-20 14:30:00,223.28,2023-08-29 15:13:15.407641,0
2023-05-20 15:00:00,399.5,2023-08-29 16:13:15.407641,0
2023-05-20 15:30:00,485.12,2023-08-29 17:13:15.407641,0
2023-05-20 16:00:00,529.03,2023-08-29 18:13:15.407641,0
2023-05-20 16:30:00,520.91,2023-08-29 19:13:15.407641,0
2023-05-20 17:00:00,488.46,2023-08-29 20:13:15.407641,0
2023-05-20 17:30:00,478.17,2023-08-29 21:13:15.407641,0
2023-05-20 18:00:00,489.74,2023-08-29 22:13:15.407641,0
2023-05-20 18:30:00,516.62,2023-08-29 23:13:15.407641,0
2023-05-20 19:00:00,436.77,2023-08-30 00:13:15.407641,0
2023-05-20 19:30:00,456.3,2023-08-30 01:13:15.407641,0
2023-05-20 20:00:00,572.09,2023-08-30 02:13:15.407641,0
2023-05-20 20:30:00,999.86,2023-08-30 03:13:15.407641,0
2023-05-20 21:00:00,2485.96,2023-08-30 04:13:15.407641,0
2023-05-20 21:30:00,1987.48,2023-08-30 05:13:15.407641,0
2023-05-20 22:00:00,1996.85,2023-08-30 06:13:15.407641,0
2023-05-20 22:30:00,606.15,2023-08-30 07:13:15.407641,0
2023-05-20 23:00:00,559.51,2023-08-30 08:13:15.407641,0
2023-05-20 23:30:00,497.78,2023-08-30 09:13:15.407641,0
2023-05-21 00:00:00,1992.52,2023-08-30 10:13:15.407641,0
2023-05-21 00:30:00,577.21,2023-08-30 11:13:15.407641,0
2023-05-21 01:00:00,516.75,2023-08-30 12:13:15.407641,0
2023-05-21 01:30:00,509.75,2023-08-30 13:13:15.407641,0
2023-05-21 02:00:00,488.72,2023-08-30 14:13:15.407641,0
2023-05-21 02:30:00,457.93,2023-08-30 15:13:15.407641,0
2023-05-21 03:00:00,426.57,2023-08-30 16:13:15.407641,0
2023-05-21 03:30:00,406.24,2023-08-30 17:13:15.407641,0
2023-05-21 04:00:00,407.03,2023-08-30 18:13:15.407641,0
2023-05-21 04:30:00,404.6,2023-08-30 19:13:15.407641,0
2023-05-21 05:00:00,396.22,2023-08-30 20:13:15.407641,0
2023-05-21 05:30:00,395.52,2023-08-30 21:13:15.407641,0
2023-05-21 06:00:00,188.56,2023-08-30 22:13:15.407641,0
2023-05-21 06:30:00,189.16,2023-08-30 23:13:15.407641,0
2023-05-21 07:00:00,190.04,2023-08-31 00:13:15.407641,0
2023-05-21 07:30:00,190.58,2023-08-31 01:13:15.407641,0
2023-05-21 08:00:00,144.77,2023-08-31 02:13:15.407641,0
2023-05-21 08:30:00,145.29,2023-08-31 03:13:15.407641,0
2023-05-21 09:00:00,143.59,2023-08-31 04:13:15.407641,0
2023-05-21 09:30:00,144.27,2023-08-31 05:13:15.407641,0
2023-05-21 10:00:00,143.45,2023-08-31 06:13:15.407641,0
2023-05-21 10:30:00,142.53,2023-08-31 07:13:15.407641,0
2023-05-21 11:00:00,167.11,2023-08-31 08:13:15.407641,0
2023-05-21 11:30:00,167.32,2023-08-31 09:13:15.407641,0
2023-05-21 12:00:00,167.86,2023-08-31 10:13:15.407641,0
2023-05-21 12:30:00,143.57,2023-08-31 11:13:15.407641,0
2023-05-21 13:00:00,143.57,2023-08-31 12:13:15.407641,0
2023-05-21 13:30:00,144.85,2023-08-31 13:13:15.407641,0
2023-05-21 14:00:00,169.11,2023-08-31 14:13:15.407641,0
2023-05-21 14:30:00,170.05,2023-08-31 15:13:15.407641,0
2023-05-21 15:00:00,189.42,2023-08-31 16:13:15.407641,0
2023-05-21 15:30:00,170.82,2023-08-31 17:13:15.407641,0
2023-05-21 16:00:00,169.61,2023-08-31 18:13:15.407641,0
2023-05-21 16:30:00,144.19,2023-08-31 19:13:15.407641,0
2023-05-21 17:00:00,143.84,2023-08-31 20:13:15.407641,0
2023-05-21 17:30:00,144.94,2023-08-31 21:13:15.407641,0
2023-05-21 18:00:00,153.13,2023-08-31 22:13:15.407641,0
2023-05-21 18:30:00,169.3,2023-08-31 23:13:15.407641,0
2023-05-21 19:00:00,189.12,2023-09-01 00:13:15.407641,0
2023-05-21 19:30:00,191.32,2023-09-01 01:13:15.407641,0
2023-05-21 20:00:00,255.26,2023-09-01 02:13:15.407641,0
2023-05-21 20:30:00,314.81,2023-09-01 03:13:15.407641,0
2023-05-21 21:00:00,408.68,2023-09-01 04:13:15.407641,0
2023-05-21 21:30:00,357.4,2023-09-01 05:13:15.407641,0
2023-05-21 22:00:00,230.35,2023-09-01 06:13:15.407641,0
2023-05-21 22:30:00,189.47,2023-09-01 07:13:15.407641,0
2023-05-21 23:00:00,169.83,2023-09-01 08:13:15.407641,0
2023-05-21 23:30:00,127.46,2023-09-01 09:13:15.407641,0
2023-05-22 00:00:00,101.36,2023-09-01 10:13:15.407641,0
2023-05-22 00:30:00,99.07,2023-09-01 11:13:15.407641,0
2023-05-22 01:00:00,98.71,2023-09-01 12:13:15.407641,0
2023-05-22 01:30:00,99.04,2023-09-01 13:13:15.407641,0
2023-05-22 02:00:00,96.56,2023-09-01 14:13:15.407641,0
2023-05-22 02:30:00,96.5,2023-09-01 15:13:15.407641,0
2023-05-22 03:00:00,93.98,2023-09-01 16:13:15.407641,0
2023-05-22 03:30:00,92.61,2023-09-01 17:13:15.407641,0
2023-05-22 04:00:00,93.55,2023-09-01 18:13:15.407641,0
2023-05-22 04:30:00,94.81,2023-09-01 19:13:15.407641,0
2023-05-22 05:00:00,95.88,2023-09-01 20:13:15.407641,0
2023-05-22 05:30:00,102.2,2023-09-01 21:13:15.407641,0
2023-05-22 06:00:00,116.55,2023-09-01 22:13:15.407641,0
2023-05-22 06:30:00,117.64,2023-09-01 23:13:15.407641,0
2023-05-22 07:00:00,126.5,2023-09-02 00:13:15.407641,0
2023-05-22 07:30:00,172.13,2023-09-02 01:13:15.407641,0
2023-05-22 08:00:00,185.05,2023-09-02 02:13:15.407641,0
2023-05-22 08:30:00,249.43,2023-09-02 03:13:15.407641,0
2023-05-22 09:00:00,235.51,2023-09-02 04:13:15.407641,0
2023-05-22 09:30:00,185.68,2023-09-02 05:13:15.407641,0
2023-05-22 10:00:00,185.25,2023-09-02 06:13:15.407641,0
2023-05-22 10:30:00,185.41,2023-09-02 07:13:15.407641,0
2023-05-22 11:00:00,180.89,2023-09-02 08:13:15.407641,0
2023-05-22 11:30:00,160.12,2023-09-02 09:13:15.407641,0
2023-05-22 12:00:00,140.58,2023-09-02 10:13:15.407641,0
2023-05-22 12:30:00,160.09,2023-09-02 11:13:15.407641,0
2023-05-22 13:00:00,180.72,2023-09-02 12:13:15.407641,0
2023-05-22 13:30:00,186.83,2023-09-02 13:13:15.407641,0
2023-05-22 14:00:00,205.59,2023-09-02 14:13:15.407641,0
2023-05-22 14:30:00,188.55,2023-09-02 15:13:15.407641,0
2023-05-22 15:00:00,186.13,2023-09-02 16:13:15.407641,0
2023-05-22 15:30:00,203.62,2023-09-02 17:13:15.407641,0
2023-05-22 16:00:00,248.39,2023-09-02 18:13:15.407641,0
2023-05-22 16:30:00,248.96,2023-09-02 19:13:15.407641,0
2023-05-22 17:00:00,271.2,2023-09-02 20:13:15.407641,0
2023-05-22 17:30:00,247.14,2023-09-02 21:13:15.407641,0
2023-05-22 18:00:00,331.59,2023-09-02 22:13:15.407641,0
2023-05-22 18:30:00,387.91,2023-09-02 23:13:15.407641,0
2023-05-22 19:00:00,381.49,2023-09-03 00:13:15.407641,0
2023-05-22 19:30:00,376.92,2023-09-03 01:13:15.407641,0
2023-05-22 20:00:00,378.6,2023-09-03 02:13:15.407641,0
2023-05-22 20:30:00,338.4,2023-09-03 03:13:15.407641,0
2023-05-22 21:00:00,327.33,2023-09-03 04:13:15.407641,0
2023-05-22 21:30:00,298.09,2023-09-03 05:13:15.407641,0
2023-05-22 22:00:00,379.35,2023-09-03 06:13:15.407641,0
2023-05-22 22:30:00,334.59,2023-09-03 07:13:15.407641,0
2023-05-22 23:00:00,332.27,2023-09-03 08:13:15.407641,0
2023-05-22 23:30:00,240.17,2023-09-03 09:13:15.407641,0
2023-05-23 00:00:00,438.99,2023-09-03 10:13:15.407641,0
2023-05-23 00:30:00,377.5,2023-09-03 11:13:15.407641,0
2023-05-23 01:00:00,430.54,2023-09-03 12:13:15.407641,0
2023-05-23 01:30:00,390.73,2023-09-03 13:13:15.407641,0
2023-05-23 02:00:00,359.45,2023-09-03 14:13:15.407641,0
2023-05-23 02:30:00,301.12,2023-09-03 15:13:15.407641,0
2023-05-23 03:00:00,377.36,2023-09-03 16:13:15.407641,0
2023-05-23 03:30:00,377.25,2023-09-03 17:13:15.407641,0
2023-05-23 04:00:00,376.54,2023-09-03 18:13:15.407641,0
2023-05-23 04:30:00,389.45,2023-09-03 19:13:15.407641,0
2023-05-23 05:00:00,418.26,2023-09-03 20:13:15.407641,0
2023-05-23 05:30:00,433.59,2023-09-03 21:13:15.407641,0
2023-05-23 06:00:00,402.73,2023-09-03 22:13:15.407641,0
2023-05-23 06:30:00,383.26,2023-09-03 23:13:15.407641,0
2023-05-23 07:00:00,304.06,2023-09-04 00:13:15.407641,0
2023-05-23 07:30:00,341.37,2023-09-04 01:13:15.407641,0
2023-05-23 08:00:00,431.59,2023-09-04 02:13:15.407641,0
2023-05-23 08:30:00,482.71,2023-09-04 03:13:15.407641,0
2023-05-23 09:00:00,318.08,2023-09-04 04:13:15.407641,0
2023-05-23 09:30:00,331.18,2023-09-04 05:13:15.407641,0
2023-05-23 10:00:00,347.66,2023-09-04 06:13:15.407641,0
2023-05-23 10:30:00,336.38,2023-09-04 07:13:15.407641,0
2023-05-23 11:00:00,304.32,2023-09-04 08:13:15.407641,0
2023-05-23 11:30:00,252.71,2023-09-04 09:13:15.407641,0
2023-05-23 12:00:00,186.77,2023-09-04 10:13:15.407641,0
2023-05-23 12:30:00,216.83,2023-09-04 11:13:15.407641,0
2023-05-23 13:00:00,279.0,2023-09-04 12:13:15.407641,0
2023-05-23 13:30:00,302.12,2023-09-04 13:13:15.407641,0
2023-05-23 14:00:00,300.85,2023-09-04 14:13:15.407641,0
2023-05-23 14:30:00,319.73,2023-09-04 15:13:15.407641,0
2023-05-23 15:00:00,332.66,2023-09-04 16:13:15.407641,0
2023-05-23 15:30:00,383.45,2023-09-04 17:13:15.407641,0
2023-05-23 16:00:00,389.53,2023-09-04 18:13:15.407641,0
2023-05-23 16:30:00,392.1,2023-09-04 19:13:15.407641,0
2023-05-23 17:00:00,400.64,2023-09-04 20:13:15.407641,0
2023-05-23 17:30:00,377.11,2023-09-04 21:13:15.407641,0
2023-05-23 18:00:00,370.92,2023-09-04 22:13:15.407641,0
2023-05-23 18:30:00,379.78,2023-09-04 23:13:15.407641,0
2023-05-23 19:00:00,381.16,2023-09-05 00:13:15.407641,0
2023-05-23 19:30:00,379.98,2023-09-05 01:13:15.407641,0
2023-05-23 20:00:00,379.46,2023-09-05 02:13:15.407641,0
2023-05-23 20:30:00,379.15,2023-09-05 03:13:15.407641,0
2023-05-23 21:00:00,378.62,2023-09-05 04:13:15.407641,0
2023-05-23 21:30:00,338.09,2023-09-05 05:13:15.407641,0
2023-05-23 22:00:00,349.84,2023-09-05 06:13:15.407641,0
2023-05-23 22:30:00,334.62,2023-09-05 07:13:15.407641,0
2023-05-23 23:00:00,378.34,2023-09-05 08:13:15.407641,0
2023-05-23 23:30:00,297.98,2023-09-05 09:13:15.407641,0
2023-05-24 00:00:00,458.82,2023-09-05 10:13:15.407641,0
2023-05-24 00:30:00,418.56,2023-09-05 11:13:15.407641,0
2023-05-24 01:00:00,398.98,2023-09-05 12:13:15.407641,0
2023-05-24 01:30:00,355.74,2023-09-05 13:13:15.407641,0
2023-05-24 02:00:00,277.9,2023-09-05 14:13:15.407641,0
2023-05-24 02:30:00,217.54,2023-09-05 15:13:15.407641,0
2023-05-24 03:00:00,274.91,2023-09-05 16:13:15.407641,0
2023-05-24 03:30:00,270.01,2023-09-05 17:13:15.407641,0
2023-05-24 04:00:00,270.34,2023-09-05 18:13:15.407641,0
2023-05-24 04:30:00,270.07,2023-09-05 19:13:15.407641,0
2023-05-24 05:00:00,336.09,2023-09-05 20:13:15.407641,0
2023-05-24 05:30:00,421.2,2023-09-05 21:13:15.407641,0
2023-05-24 06:00:00,215.81,2023-09-05 22:13:15.407641,0
2023-05-24 06:30:00,302.28,2023-09-05 23:13:15.407641,0
2023-05-24 07:00:00,300.93,2023-09-06 00:13:15.407641,0
2023-05-24 07:30:00,389.51,2023-09-06 01:13:15.407641,0
2023-05-24 08:00:00,355.08,2023-09-06 02:13:15.407641,0
2023-05-24 08:30:00,480.94,2023-09-06 03:13:15.407641,0
2023-05-24 09:00:00,378.42,2023-09-06 04:13:15.407641,0
2023-05-24 09:30:00,389.39,2023-09-06 05:13:15.407641,0
2023-05-24 10:00:00,378.81,2023-09-06 06:13:15.407641,0
2023-05-24 10:30:00,378.98,2023-09-06 07:13:15.407641,0
2023-05-24 11:00:00,350.28,2023-09-06 08:13:15.407641,0
2023-05-24 11:30:00,344.39,2023-09-06 09:13:15.407641,0
2023-05-24 12:00:00,328.28,2023-09-06 10:13:15.407641,0
2023-05-24 12:30:00,345.71,2023-09-06 11:13:15.407641,0
2023-05-24 13:00:00,381.09,2023-09-06 12:13:15.407641,0
2023-05-24 13:30:00,348.97,2023-09-06 13:13:15.407641,0
2023-05-24 14:00:00,350.01,2023-09-06 14:13:15.407641,0
2023-05-24 14:30:00,378.09,2023-09-06 15:13:15.407641,0
2023-05-24 15:00:00,379.19,2023-09-06 16:13:15.407641,0
2023-05-24 15:30:00,445.63,2023-09-06 17:13:15.407641,0
2023-05-24 16:00:00,478.83,2023-09-06 18:13:15.407641,0
2023-05-24 16:30:00,530.1,2023-09-06 19:13:15.407641,0
2023-05-24 17:00:00,535.49,2023-09-06 20:13:15.407641,0
2023-05-24 17:30:00,477.91,2023-09-06 21:13:15.407641,0
2023-05-24 18:00:00,442.64,2023-09-06 22:13:15.407641,0
2023-05-24 18:30:00,466.34,2023-09-06 23:13:15.407641,0
2023-05-24 19:00:00,481.87,2023-09-07 00:13:15.407641,0
2023-05-24 19:30:00,491.51,2023-09-07 01:13:15.407641,0
2023-05-24 20:00:00,490.05,2023-09-07 02:13:15.407641,0
2023-05-24 20:30:00,478.91,2023-09-07 03:13:15.407641,0
2023-05-24 21:00:00,478.69,2023-09-07 04:13:15.407641,0
2023-05-24 21:30:00,404.01,2023-09-07 05:13:15.407641,0
2023-05-24 22:00:00,450.25,2023-09-07 06:13:15.407641,0
2023-05-24 22:30:00,387.96,2023-09-07 07:13:15.407641,0
2023-05-24 23:00:00,343.69,2023-09-07 08:13:15.407641,0
2023-05-24 23:30:00,299.68,2023-09-07 09:13:15.407641,0
2023-05-25 00:00:00,489.15,2023-09-07 10:13:15.407641,0
2023-05-25 00:30:00,447.32,2023-09-07 11:13:15.407641,0
2023-05-25 01:00:00,450.16,2023-09-07 12:13:15.407641,0
2023-05-25 01:30:00,412.66,2023-09-07 13:13:15.407641,0
2023-05-25 02:00:00,390.02,2023-09-07 14:13:15.407641,0
2023-05-25 02:30:00,331.78,2023-09-07 15:13:15.407641,0
2023-05-25 03:00:00,336.9,2023-09-07 16:13:15.407641,0
2023-05-25 03:30:00,300.98,2023-09-07 17:13:15.407641,0
2023-05-25 04:00:00,335.07,2023-09-07 18:13:15.407641,0
2023-05-25 04:30:00,376.79,2023-09-07 19:13:15.407641,0
2023-05-25 05:00:00,401.58,2023-09-07 20:13:15.407641,0
2023-05-25 05:30:00,453.09,2023-09-07 21:13:15.407641,0
2023-05-25 06:00:00,303.11,2023-09-07 22:13:15.407641,0
2023-05-25 06:30:00,303.17,2023-09-07 23:13:15.407641,0
2023-05-25 07:00:00,343.98,2023-09-08 00:13:15.407641,0
2023-05-25 07:30:00,450.51,2023-09-08 01:13:15.407641,0
2023-05-25 08:00:00,379.23,2023-09-08 02:13:15.407641,0
2023-05-25 08:30:00,452.17,2023-09-08 03:13:15.407641,0
2023-05-25 09:00:00,448.77,2023-09-08 04:13:15.407641,0
2023-05-25 09:30:00,440.27,2023-09-08 05:13:15.407641,0
2023-05-25 10:00:00,424.58,2023-09-08 06:13:15.407641,0
2023-05-25 10:30:00,386.0,2023-09-08 07:13:15.407641,0
2023-05-25 11:00:00,426.82,2023-09-08 08:13:15.407641,0
2023-05-25 11:30:00,396.72,2023-09-08 09:13:15.407641,0
2023-05-25 12:00:00,344.57,2023-09-08 10:13:15.407641,0
2023-05-25 12:30:00,386.26,2023-09-08 11:13:15.407641,0
2023-05-25 13:00:00,477.81,2023-09-08 12:13:15.407641,0
2023-05-25 13:30:00,494.33,2023-09-08 13:13:15.407641,0
2023-05-25 14:00:00,493.45,2023-09-08 14:13:15.407641,0
2023-05-25 14:30:00,614.36,2023-09-08 15:13:15.407641,0
2023-05-25 15:00:00,1967.96,2023-09-08 16:13:15.407641,0
2023-05-25 15:30:00,779.56,2023-09-08 17:13:15.407641,0
2023-05-25 16:00:00,1972.3,2023-09-08 18:13:15.407641,0
2023-05-25 16:30:00,1970.95,2023-09-08 19:13:15.407641,0
2023-05-25 17:00:00,642.67,2023-09-08 20:13:15.407641,0
2023-05-25 17:30:00,541.6,2023-09-08 21:13:15.407641,0
2023-05-25 18:00:00,534.63,2023-09-08 22:13:15.407641,0
2023-05-25 18:30:00,502.86,2023-09-08 23:13:15.407641,0
2023-05-25 19:00:00,533.18,2023-09-09 00:13:15.407641,0
2023-05-25 19:30:00,532.51,2023-09-09 01:13:15.407641,0
2023-05-25 20:00:00,503.11,2023-09-09 02:13:15.407641,0
2023-05-25 20:30:00,490.7,2023-09-09 03:13:15.407641,0
2023-05-25 21:00:00,479.66,2023-09-09 04:13:15.407641,0
2023-05-25 21:30:00,388.66,2023-09-09 05:13:15.407641,0
2023-05-25 22:00:00,442.72,2023-09-09 06:13:15.407641,0
2023-05-25 22:30:00,358.63,2023-09-09 07:13:15.407641,0
2023-05-25 23:00:00,430.44,2023-09-09 08:13:15.407641,0
2023-05-25 23:30:00,347.52,2023-09-09 09:13:15.407641,0
2023-05-26 00:00:00,1985.82,2023-09-09 10:13:15.407641,0
2023-05-26 00:30:00,557.89,2023-09-09 11:13:15.407641,0
2023-05-26 01:00:00,484.63,2023-09-09 12:13:15.407641,0
2023-05-26 01:30:00,463.58,2023-09-09 13:13:15.407641,0
2023-05-26 02:00:00,473.28,2023-09-09 14:13:15.407641,0
2023-05-26 02:30:00,453.17,2023-09-09 15:13:15.407641,0
2023-05-26 03:00:00,453.57,2023-09-09 16:13:15.407641,0
2023-05-26 03:30:00,452.76,2023-09-09 17:13:15.407641,0
2023-05-26 04:00:00,443.31,2023-09-09 18:13:15.407641,0
2023-05-26 04:30:00,442.98,2023-09-09 19:13:15.407641,0
2023-05-26 05:00:00,443.11,2023-09-09 20:13:15.407641,0
2023-05-26 05:30:00,495.06,2023-09-09 21:13:15.407641,0
2023-05-26 06:00:00,303.29,2023-09-09 22:13:15.407641,0
2023-05-26 06:30:00,360.36,2023-09-09 23:13:15.407641,0
2023-05-26 07:00:00,302.5,2023-09-10 00:13:15.407641,0
2023-05-26 07:30:00,405.95,2023-09-10 01:13:15.407641,0
2023-05-26 08:00:00,428.99,2023-09-10 02:13:15.407641,0
2023-05-26 08:30:00,501.38,2023-09-10 03:13:15.407641,0
2023-05-26 09:00:00,379.17,2023-09-10 04:13:15.407641,0
2023-05-26 09:30:00,379.66,2023-09-10 05:13:15.407641,0
2023-05-26 10:00:00,328.01,2023-09-10 06:13:15.407641,0
2023-05-26 10:30:00,278.62,2023-09-10 07:13:15.407641,0
2023-05-26 11:00:00,232.57,2023-09-10 08:13:15.407641,0
2023-05-26 11:30:00,190.76,2023-09-10 09:13:15.407641,0
2023-05-26 12:00:00,297.02,2023-09-10 10:13:15.407641,0
2023-05-26 12:30:00,340.55,2023-09-10 11:13:15.407641,0
2023-05-26 13:00:00,317.63,2023-09-10 12:13:15.407641,0
2023-05-26 13:30:00,341.31,2023-09-10 13:13:15.407641,0
2023-05-26 14:00:00,373.43,2023-09-10 14:13:15.407641,0
2023-05-26 14:30:00,375.18,2023-09-10 15:13:15.407641,0
2023-05-26 15:00:00,396.64,2023-09-10 16:13:15.407641,0
2023-05-26 15:30:00,482.53,2023-09-10 17:13:15.407641,0
2023-05-26 16:00:00,529.01,2023-09-10 18:13:15.407641,0
2023-05-26 16:30:00,493.45,2023-09-10 19:13:15.407641,0
2023-05-26 17:00:00,511.8,2023-09-10 20:13:15.407641,0
2023-05-26 17:30:00,480.14,2023-09-10 21:13:15.407641,0
2023-05-26 18:00:00,382.71,2023-09-10 22:13:15.407641,0
2023-05-26 18:30:00,380.64,2023-09-10 23:13:15.407641,0
2023-05-26 19:00:00,526.43,2023-09-11 00:13:15.407641,0
2023-05-26 19:30:00,531.05,2023-09-11 01:13:15.407641,0
2023-05-26 20:00:00,499.9,2023-09-11 02:13:15.407641,0
2023-05-26 20:30:00,477.47,2023-09-11 03:13:15.407641,0
2023-05-26 21:00:00,375.63,2023-09-11 04:13:15.407641,0
2023-05-26 21:30:00,362.74,2023-09-11 05:13:15.407641,0
2023-05-26 22:00:00,361.17,2023-09-11 06:13:15.407641,0
2023-05-26 22:30:00,211.88,2023-09-11 07:13:15.407641,0
2023-05-26 23:00:00,332.42,2023-09-11 08:13:15.407641,0
2023-05-26 23:30:00,233.82,2023-09-11 09:13:15.407641,0
2023-05-27 00:00:00,2965.59,2023-09-11 10:13:15.407641,0
2023-05-27 00:30:00,1995.35,2023-09-11 11:13:15.407641,0
2023-05-27 01:00:00,504.76,2023-09-11 12:13:15.407641,0
2023-05-27 01:30:00,386.78,2023-09-11 13:13:15.407641,0
2023-05-27 02:00:00,402.2,2023-09-11 14:13:15.407641,0
2023-05-27 02:30:00,337.81,2023-09-11 15:13:15.407641,0
2023-05-27 03:00:00,338.21,2023-09-11 16:13:15.407641,0
2023-05-27 03:30:00,305.59,2023-09-11 17:13:15.407641,0
2023-05-27 04:00:00,249.92,2023-09-11 18:13:15.407641,0
2023-05-27 04:30:00,140.39,2023-09-11 19:13:15.407641,0
2023-05-27 05:00:00,139.88,2023-09-11 20:13:15.407641,0
2023-05-27 05:30:00,140.05,2023-09-11 21:13:15.407641,0
2023-05-27 06:00:00,143.28,2023-09-11 22:13:15.407641,0
2023-05-27 06:30:00,143.65,2023-09-11 23:13:15.407641,0
2023-05-27 07:00:00,146.59,2023-09-12 00:13:15.407641,0
2023-05-27 07:30:00,190.23,2023-09-12 01:13:15.407641,0
2023-05-27 08:00:00,187.68,2023-09-12 02:13:15.407641,0
2023-05-27 08:30:00,225.22,2023-09-12 03:13:15.407641,0
2023-05-27 09:00:00,206.08,2023-09-12 04:13:15.407641,0
2023-05-27 09:30:00,250.91,2023-09-12 05:13:15.407641,0
2023-05-27 10:00:00,291.5,2023-09-12 06:13:15.407641,0
2023-05-27 10:30:00,250.57,2023-09-12 07:13:15.407641,0
2023-05-27 11:00:00,213.87,2023-09-12 08:13:15.407641,0
2023-05-27 11:30:00,188.73,2023-09-12 09:13:15.407641,0
2023-05-27 12:00:00,187.18,2023-09-12 10:13:15.407641,0
2023-05-27 12:30:00,149.01,2023-09-12 11:13:15.407641,0
2023-05-27 13:00:00,148.88,2023-09-12 12:13:15.407641,0
2023-05-27 13:30:00,161.15,2023-09-12 13:13:15.407641,0
2023-05-27 14:00:00,219.5,2023-09-12 14:13:15.407641,0
2023-05-27 14:30:00,364.59,2023-09-12 15:13:15.407641,0
2023-05-27 15:00:00,405.27,2023-09-12 16:13:15.407641,0
2023-05-27 15:30:00,336.34,2023-09-12 17:13:15.407641,0
2023-05-27 16:00:00,332.96,2023-09-12 18:13:15.407641,0
2023-05-27 16:30:00,338.54,2023-09-12 19:13:15.407641,0
2023-05-27 17:00:00,335.14,2023-09-12 20:13:15.407641,0
2023-05-27 17:30:00,304.72,2023-09-12 21:13:15.407641,0
2023-05-27 18:00:00,336.36,2023-09-12 22:13:15.407641,0
2023-05-27 18:30:00,383.1,2023-09-12 23:13:15.407641,0
2023-05-27 19:00:00,325.04,2023-09-13 00:13:15.407641,0
2023-05-27 19:30:00,334.38,2023-09-13 01:13:15.407641,0
2023-05-27 20:00:00,332.96,2023-09-13 02:13:15.407641,0
2023-05-27 20:30:00,335.85,2023-09-13 03:13:15.407641,0
2023-05-27 21:00:00,445.04,2023-09-13 04:13:15.407641,0
2023-05-27 21:30:00,368.46,2023-09-13 05:13:15.407641,0
2023-05-27 22:00:00,425.61,2023-09-13 06:13:15.407641,0
2023-05-27 22:30:00,382.94,2023-09-13 07:13:15.407641,0
2023-05-27 23:00:00,384.23,2023-09-13 08:13:15.407641,0
2023-05-27 23:30:00,195.23,2023-09-13 09:13:15.407641,0
2023-05-28 00:00:00,425.1,2023-09-13 10:13:15.407641,0
2023-05-28 00:30:00,344.89,2023-09-13 11:13:15.407641,0
2023-05-28 01:00:00,305.89,2023-09-13 12:13:15.407641,0
2023-05-28 01:30:00,301.05,2023-09-13 13:13:15.407641,0
2023-05-28 02:00:00,288.6,2023-09-13 14:13:15.407641,0
2023-05-28 02:30:00,206.85,2023-09-13 15:13:15.407641,0
2023-05-28 03:00:00,190.08,2023-09-13 16:13:15.407641,0
2023-05-28 03:30:00,186.4,2023-09-13 17:13:15.407641,0
2023-05-28 04:00:00,185.34,2023-09-13 18:13:15.407641,0
2023-05-28 04:30:00,185.65,2023-09-13 19:13:15.407641,0
2023-05-28 05:00:00,185.86,2023-09-13 20:13:15.407641,0
2023-05-28 05:30:00,139.92,2023-09-13 21:13:15.407641,0
2023-05-28 06:00:00,133.56,2023-09-13 22:13:15.407641,0
2023-05-28 06:30:00,125.37,2023-09-13 23:13:15.407641,0
2023-05-28 07:00:00,119.77,2023-09-14 00:13:15.407641,0
2023-05-28 07:30:00,125.59,2023-09-14 01:13:15.407641,0
2023-05-28 08:00:00,120.09,2023-09-14 02:13:15.407641,0
2023-05-28 08:30:00,125.76,2023-09-14 03:13:15.407641,0
2023-05-28 09:00:00,125.11,2023-09-14 04:13:15.407641,0
2023-05-28 09:30:00,135.39,2023-09-14 05:13:15.407641,0
2023-05-28 10:00:00,139.79,2023-09-14 06:13:15.407641,0
2023-05-28 10:30:00,165.08,2023-09-14 07:13:15.407641,0
2023-05-28 11:00:00,164.67,2023-09-14 08:13:15.407641,0
2023-05-28 11:30:00,139.73,2023-09-14 09:13:15.407641,0
2023-05-28 12:00:00,139.62,2023-09-14 10:13:15.407641,0
2023-05-28 12:30:00,133.26,2023-09-14 11:13:15.407641,0
2023-05-28 13:00:00,133.99,2023-09-14 12:13:15.407641,0
2023-05-28 13:30:00,132.2,2023-09-14 13:13:15.407641,0
2023-05-28 14:00:00,126.08,2023-09-14 14:13:15.407641,0
2023-05-28 14:30:00,172.76,2023-09-14 15:13:15.407641,0
2023-05-28 15:00:00,137.7,2023-09-14 16:13:15.407641,0
2023-05-28 15:30:00,138.37,2023-09-14 17:13:15.407641,0
2023-05-28 16:00:00,137.96,2023-09-14 18:13:15.407641,0
2023-05-28 16:30:00,137.82,2023-09-14 19:13:15.407641,0
2023-05-28 17:00:00,161.77,2023-09-14 20:13:15.407641,0
2023-05-28 17:30:00,183.79,2023-09-14 21:13:15.407641,0
2023-05-28 18:00:00,206.76,2023-09-14 22:13:15.407641,0
2023-05-28 18:30:00,331.45,2023-09-14 23:13:15.407641,0
2023-05-28 19:00:00,321.41,2023-09-15 00:13:15.407641,0
2023-05-28 19:30:00,331.24,2023-09-15 01:13:15.407641,0
2023-05-28 20:00:00,361.01,2023-09-15 02:13:15.407641,0
2023-05-28 20:30:00,370.38,2023-09-15 03:13:15.407641,0
2023-05-28 21:00:00,502.47,2023-09-15 04:13:15.407641,0
2023-05-28 21:30:00,461.45,2023-09-15 05:13:15.407641,0
2023-05-28 22:00:00,452.0,2023-09-15 06:13:15.407641,0
2023-05-28 22:30:00,401.88,2023-09-15 07:13:15.407641,0
2023-05-28 23:00:00,252.02,2023-09-15 08:13:15.407641,0
2023-05-28 23:30:00,433.48,2023-09-15 09:13:15.407641,0
2023-05-29 00:00:00,2007.15,2023-09-15 10:13:15.407641,0
2023-05-29 00:30:00,587.63,2023-09-15 11:13:15.407641,0
2023-05-29 01:00:00,336.41,2023-09-15 12:13:15.407641,0
2023-05-29 01:30:00,305.56,2023-09-15 13:13:15.407641,0
2023-05-29 02:00:00,304.74,2023-09-15 14:13:15.407641,0
2023-05-29 02:30:00,307.56,2023-09-15 15:13:15.407641,0
2023-05-29 03:00:00,343.17,2023-09-15 16:13:15.407641,0
2023-05-29 03:30:00,308.52,2023-09-15 17:13:15.407641,0
2023-05-29 04:00:00,190.4,2023-09-15 18:13:15.407641,0
2023-05-29 04:30:00,167.41,2023-09-15 19:13:15.407641,0
2023-05-29 05:00:00,185.7,2023-09-15 20:13:15.407641,0
2023-05-29 05:30:00,201.58,2023-09-15 21:13:15.407641,0
2023-05-29 06:00:00,187.87,2023-09-15 22:13:15.407641,0
2023-05-29 06:30:00,188.75,2023-09-15 23:13:15.407641,0
2023-05-29 07:00:00,222.5,2023-09-16 00:13:15.407641,0
2023-05-29 07:30:00,302.61,2023-09-16 01:13:15.407641,0
2023-05-29 08:00:00,325.75,2023-09-16 02:13:15.407641,0
2023-05-29 08:30:00,397.63,2023-09-16 03:13:15.407641,0
2023-05-29 09:00:00,370.71,2023-09-16 04:13:15.407641,0
2023-05-29 09:30:00,380.58,2023-09-16 05:13:15.407641,0
2023-05-29 10:00:00,348.61,2023-09-16 06:13:15.407641,0
2023-05-29 10:30:00,326.4,2023-09-16 07:13:15.407641,0
2023-05-29 11:00:00,337.84,2023-09-16 08:13:15.407641,0
2023-05-29 11:30:00,368.59,2023-09-16 09:13:15.407641,0
2023-05-29 12:00:00,330.25,2023-09-16 10:13:15.407641,0
2023-05-29 12:30:00,251.72,2023-09-16 11:13:15.407641,0
2023-05-29 13:00:00,251.43,2023-09-16 12:13:15.407641,0
2023-05-29 13:30:00,338.32,2023-09-16 13:13:15.407641,0
2023-05-29 14:00:00,389.46,2023-09-16 14:13:15.407641,0
2023-05-29 14:30:00,378.98,2023-09-16 15:13:15.407641,0
2023-05-29 15:00:00,378.14,2023-09-16 16:13:15.407641,0
2023-05-29 15:30:00,404.5,2023-09-16 17:13:15.407641,0
2023-05-29 16:00:00,443.66,2023-09-16 18:13:15.407641,0
2023-05-29 16:30:00,443.31,2023-09-16 19:13:15.407641,0
2023-05-29 17:00:00,441.31,2023-09-16 20:13:15.407641,0
2023-05-29 17:30:00,405.58,2023-09-16 21:13:15.407641,0
2023-05-29 18:00:00,397.14,2023-09-16 22:13:15.407641,0
2023-05-29 18:30:00,440.93,2023-09-16 23:13:15.407641,0
2023-05-29 19:00:00,494.59,2023-09-17 00:13:15.407641,0
2023-05-29 19:30:00,503.08,2023-09-17 01:13:15.407641,0
2023-05-29 20:00:00,503.45,2023-09-17 02:13:15.407641,0
2023-05-29 20:30:00,493.25,2023-09-17 03:13:15.407641,0
2023-05-29 21:00:00,482.97,2023-09-17 04:13:15.407641,0
2023-05-29 21:30:00,452.58,2023-09-17 05:13:15.407641,0
2023-05-29 22:00:00,433.16,2023-09-17 06:13:15.407641,0
2023-05-29 22:30:00,357.61,2023-09-17 07:13:15.407641,0
2023-05-29 23:00:00,350.9,2023-09-17 08:13:15.407641,0
2023-05-29 23:30:00,269.06,2023-09-17 09:13:15.407641,0
2023-05-30 00:00:00,421.7,2023-09-17 10:13:15.407641,0
2023-05-30 00:30:00,332.24,2023-09-17 11:13:15.407641,0
2023-05-30 01:00:00,391.2,2023-09-17 12:13:15.407641,0
2023-05-30 01:30:00,366.63,2023-09-17 13:13:15.407641,0
2023-05-30 02:00:00,365.43,2023-09-17 14:13:15.407641,0
2023-05-30 02:30:00,333.08,2023-09-17 15:13:15.407641,0
2023-05-30 03:00:00,228.66,2023-09-17 16:13:15.407641,0
2023-05-30 03:30:00,229.36,2023-09-17 17:13:15.407641,0
2023-05-30 04:00:00,233.52,2023-09-17 18:13:15.407641,0
2023-05-30 04:30:00,321.77,2023-09-17 19:13:15.407641,0
2023-05-30 05:00:00,228.23,2023-09-17 20:13:15.407641,0
2023-05-30 05:30:00,400.07,2023-09-17 21:13:15.407641,0
2023-05-30 06:00:00,197.35,2023-09-17 22:13:15.407641,0
2023-05-30 06:30:00,230.79,2023-09-17 23:13:15.407641,0
2023-05-30 07:00:00,289.19,2023-09-18 00:13:15.407641,0
2023-05-30 07:30:00,357.26,2023-09-18 01:13:15.407641,0
2023-05-30 08:00:00,380.51,2023-09-18 02:13:15.407641,0
2023-05-30 08:30:00,380.3,2023-09-18 03:13:15.407641,0
2023-05-30 09:00:00,327.72,2023-09-18 04:13:15.407641,0
2023-05-30 09:30:00,317.1,2023-09-18 05:13:15.407641,0
2023-05-30 10:00:00,295.71,2023-09-18 06:13:15.407641,0
2023-05-30 10:30:00,295.08,2023-09-18 07:13:15.407641,0
2023-05-30 11:00:00,340.27,2023-09-18 08:13:15.407641,0
2023-05-30 11:30:00,375.79,2023-09-18 09:13:15.407641,0
2023-05-30 12:00:00,345.73,2023-09-18 10:13:15.407641,0
2023-05-30 12:30:00,313.41,2023-09-18 11:13:15.407641,0
2023-05-30 13:00:00,336.52,2023-09-18 12:13:15.407641,0
2023-05-30 13:30:00,386.32,2023-09-18 13:13:15.407641,0
2023-05-30 14:00:00,424.83,2023-09-18 14:13:15.407641,0
2023-05-30 14:30:00,438.35,2023-09-18 15:13:15.407641,0
2023-05-30 15:00:00,441.9,2023-09-18 16:13:15.407641,0
2023-05-30 15:30:00,491.59,2023-09-18 17:13:15.407641,0
2023-05-30 16:00:00,538.36,2023-09-18 18:13:15.407641,0
2023-05-30 16:30:00,546.53,2023-09-18 19:13:15.407641,0
2023-05-30 17:00:00,728.61,2023-09-18 20:13:15.407641,0
2023-05-30 17:30:00,554.29,2023-09-18 21:13:15.407641,0
2023-05-30 18:00:00,427.95,2023-09-18 22:13:15.407641,0
2023-05-30 18:30:00,408.63,2023-09-18 23:13:15.407641,0
2023-05-30 19:00:00,420.55,2023-09-19 00:13:15.407641,0
2023-05-30 19:30:00,481.11,2023-09-19 01:13:15.407641,0
2023-05-30 20:00:00,452.22,2023-09-19 02:13:15.407641,0
2023-05-30 20:30:00,439.85,2023-09-19 03:13:15.407641,0
2023-05-30 21:00:00,411.71,2023-09-19 04:13:15.407641,0
2023-05-30 21:30:00,349.37,2023-09-19 05:13:15.407641,0
2023-05-30 22:00:00,380.33,2023-09-19 06:13:15.407641,0
2023-05-30 22:30:00,331.35,2023-09-19 07:13:15.407641,0
2023-05-30 23:00:00,338.92,2023-09-19 08:13:15.407641,0
2023-05-30 23:30:00,229.27,2023-09-19 09:13:15.407641,0
2023-05-31 00:00:00,484.1,2023-09-19 10:13:15.407641,0
2023-05-31 00:30:00,426.75,2023-09-19 11:13:15.407641,0
2023-05-31 01:00:00,382.0,2023-09-19 12:13:15.407641,0
2023-05-31 01:30:00,334.53,2023-09-19 13:13:15.407641,0
2023-05-31 02:00:00,281.48,2023-09-19 14:13:15.407641,0
2023-05-31 02:30:00,212.1,2023-09-19 15:13:15.407641,0
2023-05-31 03:00:00,302.89,2023-09-19 16:13:15.407641,0
2023-05-31 03:30:00,302.6,2023-09-19 17:13:15.407641,0
2023-05-31 04:00:00,278.49,2023-09-19 18:13:15.407641,0
2023-05-31 04:30:00,303.03,2023-09-19 19:13:15.407641,0
2023-05-31 05:00:00,359.42,2023-09-19 20:13:15.407641,0
2023-05-31 05:30:00,380.48,2023-09-19 21:13:15.407641,0
2023-05-31 06:00:00,380.18,2023-09-19 22:13:15.407641,0
2023-05-31 06:30:00,424.6,2023-09-19 23:13:15.407641,0
2023-05-31 07:00:00,330.38,2023-09-20 00:13:15.407641,0
2023-05-31 07:30:00,391.27,2023-09-20 01:13:15.407641,0
2023-05-31 08:00:00,429.05,2023-09-20 02:13:15.407641,0
2023-05-31 08:30:00,399.51,2023-09-20 03:13:15.407641,0
2023-05-31 09:00:00,379.4,2023-09-20 04:13:15.407641,0
2023-05-31 09:30:00,379.52,2023-09-20 05:13:15.407641,0
2023-05-31 10:00:00,348.83,2023-09-20 06:13:15.407641,0
2023-05-31 10:30:00,359.35,2023-09-20 07:13:15.407641,0
2023-05-31 11:00:00,378.78,2023-09-20 08:13:15.407641,0
2023-05-31 11:30:00,348.19,2023-09-20 09:13:15.407641,0
2023-05-31 12:00:00,308.43,2023-09-20 10:13:15.407641,0
2023-05-31 12:30:00,298.04,2023-09-20 11:13:15.407641,0
2023-05-31 13:00:00,339.54,2023-09-20 12:13:15.407641,0
2023-05-31 13:30:00,399.58,2023-09-20 13:13:15.407641,0
2023-05-31 14:00:00,442.17,2023-09-20 14:13:15.407641,0
2023-05-31 14:30:00,393.8,2023-09-20 15:13:15.407641,0
2023-05-31 15:00:00,380.85,2023-09-20 16:13:15.407641,0
2023-05-31 15:30:00,365.06,2023-09-20 17:13:15.407641,0
2023-05-31 16:00:00,411.05,2023-09-20 18:13:15.407641,0
2023-05-31 16:30:00,481.87,2023-09-20 19:13:15.407641,0
2023-05-31 17:00:00,497.62,2023-09-20 20:13:15.407641,0
2023-05-31 17:30:00,508.17,2023-09-20 21:13:15.407641,0
2023-05-31 18:00:00,509.56,2023-09-20 22:13:15.407641,0
2023-05-31 18:30:00,549.37,2023-09-20 23:13:15.407641,0
2023-05-31 19:00:00,609.65,2023-09-21 00:13:15.407641,0
2023-05-31 19:30:00,608.98,2023-09-21 01:13:15.407641,0
2023-05-31 20:00:00,546.07,2023-09-21 02:13:15.407641,0
2023-05-31 20:30:00,516.58,2023-09-21 03:13:15.407641,0
2023-05-31 21:00:00,460.29,2023-09-21 04:13:15.407641,0
2023-05-31 21:30:00,427.77,2023-09-21 05:13:15.407641,0
2023-05-31 22:00:00,449.0,2023-09-21 06:13:15.407641,0
2023-05-31 22:30:00,431.27,2023-09-21 07:13:15.407641,0
2023-05-31 23:00:00,429.38,2023-09-21 08:13:15.407641,0
2023-05-31 23:30:00,349.22,2023-09-21 09:13:15.407641,0
